"address","bytes","section","input_section","map_container","text"
"0x3fc8d4af","74",".dram0.data",".data.__stdin","esp-idf/esp_libc/libesp_libc.a(picolibc_init.c.obj)","B(i8@(i8@(i8@(i8@(i8@(i8@(i8@(i8@(i8@(i8@(i8@(i8@(i8@(i8@(i8@(i8@(i8@(i8@"
"0x3fc8d620","15",".dram0.data",".data.s_current_name","esp-idf/main/libmain.a(radio_control.c.obj)","yoRadio native"
"0x3fc8d6b0","14",".dram0.data",".data.s_sntp2","esp-idf/main/libmain.a(runtime_settings.c.obj)","time.nist.gov"
"0x3fc8d6d4","13",".dram0.data",".data.s_sntp1","esp-idf/main/libmain.a(runtime_settings.c.obj)","pool.ntp.org"
"0x3fc8d6f8","8",".dram0.data",".data.s_mdns_name","esp-idf/main/libmain.a(runtime_settings.c.obj)","yoradio"
"0x3fc8d710","14",".dram0.data",".data.s_sntp_server2","esp-idf/main/libmain.a(time_service.c.obj)","time.nist.gov"
"0x3fc8d734","13",".dram0.data",".data.s_sntp_server1","esp-idf/main/libmain.a(time_service.c.obj)","pool.ntp.org"
"0x3fc8ed18","24",".dram0.data",".rodata.__func__.0","esp-idf/esp_hal_ledc/libesp_hal_ledc.a(ledc_hal_iram.c.obj)","ledc_hal_set_fade_param"
"0x3fc8ed30","36",".dram0.data",".rodata.__func__.0","esp-idf/esp_hal_mspi/libesp_hal_mspi.a(spi_flash_encrypt_hal_iram.c.obj)","spi_flash_encrypt_ll_plaintext_save"
"0x3fc8ed54","21",".dram0.data",".rodata.__func__.0","esp-idf/esp_hal_wdt/libesp_hal_wdt.a(wdt_hal_iram.c.obj)","mwdt_ll_config_stage"
"0x3fc8ed6c","23",".dram0.data",".rodata.__func__.0","esp-idf/esp_hw_support/libesp_hw_support.a(rtc_clk.c.obj)","clk_ll_cpu_set_divider"
"0x3fc8ed84","43",".dram0.data",".rodata.__func__.0","esp-idf/esp_mm/libesp_mm.a(esp_cache_utils.c.obj)","esp_cache_freeze_caches_disable_interrupts"
"0x3fc8edb0","30",".dram0.data",".rodata.__func__.0","esp-idf/hal/libhal.a(cache_hal.c.obj)","cache_hal_get_cache_line_size"
"0x3fc8edd0","19",".dram0.data",".rodata.__func__.1","esp-idf/hal/libhal.a(cache_hal.c.obj)","cache_hal_unfreeze"
"0x3fc8ede4","17",".dram0.data",".rodata.__func__.2","esp-idf/hal/libhal.a(cache_hal.c.obj)","cache_hal_freeze"
"0x3fc8edf8","17",".dram0.data",".rodata.__func__.3","esp-idf/hal/libhal.a(cache_hal.c.obj)","cache_hal_resume"
"0x3fc8ee0c","18",".dram0.data",".rodata.__func__.4","esp-idf/hal/libhal.a(cache_hal.c.obj)","cache_hal_suspend"
"0x3fc8ee20","23",".dram0.data",".rodata.__func__.0","esp-idf/hal/libhal.a(mmu_hal.c.obj)","mmu_hal_paddr_to_vaddr"
"0x3fc8ee38","23",".dram0.data",".rodata.__func__.4","esp-idf/hal/libhal.a(mmu_hal.c.obj)","mmu_hal_vaddr_to_paddr"
"0x3fc8ee50","21",".dram0.data",".rodata.__func__.5","esp-idf/hal/libhal.a(mmu_hal.c.obj)","mmu_hal_unmap_region"
"0x3fc8ee68","19",".dram0.data",".rodata.__func__.6","esp-idf/hal/libhal.a(mmu_hal.c.obj)","mmu_ll_write_entry"
"0x3fc8ee7c","19",".dram0.data",".rodata.__func__.7","esp-idf/hal/libhal.a(mmu_hal.c.obj)","mmu_hal_map_region"
"0x3fc8ee90","29",".dram0.data",".rodata.__func__.0","esp-idf/hal/libhal.a(systimer_hal.c.obj)","systimer_ll_set_alarm_period"
"0x3fc8f07c","7",".dram0.data",".rodata.dco_gain_coarse.4710","<IDF>/components/esp_phy/lib/esp32c3/libphy.a(phy_rx_cal.o)","PG?82,"
"0x3fc8f08c","25",".dram0.data",".rodata.__func__.0","esp-idf/spi_flash/libspi_flash.a(memspi_host_driver.c.obj)","memspi_host_program_page"
"0x3fc8f0a8","24",".dram0.data",".rodata.__func__.1","esp-idf/spi_flash/libspi_flash.a(memspi_host_driver.c.obj)","memspi_host_erase_block"
"0x3fc8f0c0","25",".dram0.data",".rodata.__func__.2","esp-idf/spi_flash/libspi_flash.a(memspi_host_driver.c.obj)","memspi_host_erase_sector"
"0x3fc8f1ae","7",".dram0.data",".rodata.esp_flash_chip_boya","esp-idf/spi_flash/libspi_flash.a(spi_flash_chip_boya.c.obj)","8@boya"
"0x3fc8f238","41",".dram0.data",".rodata.__func__.0","esp-idf/spi_flash/libspi_flash.a(spi_flash_chip_generic.c.obj)","spi_flash_chip_generic_get_write_protect"
"0x3fc8f2de","10",".dram0.data",".rodata.esp_flash_chip_generic","esp-idf/spi_flash/libspi_flash.a(spi_flash_chip_generic.c.obj)","8@generic"
"0x3fc8f362","7",".dram0.data",".rodata.esp_flash_chip_issi","esp-idf/spi_flash/libspi_flash.a(spi_flash_chip_issi.c.obj)","8@issi"
"0x3fc8f3e6","7",".dram0.data",".rodata.esp_flash_chip_mxic","esp-idf/spi_flash/libspi_flash.a(spi_flash_chip_mxic.c.obj)","8@mxic"
"0x3fc8f4ea","10",".dram0.data",".rodata.esp_flash_chip_winbond","esp-idf/spi_flash/libspi_flash.a(spi_flash_chip_winbond.c.obj)","8@winbond"
"0x3fc8f4f4","17",".dram0.data",".rodata.spi_flash_os_check_yield.str1.4","esp-idf/spi_flash/libspi_flash.a(spi_flash_os_func_app.c.obj)","chip_status == 0"
"0x3fc8f508","51",".dram0.data",".rodata.spi_flash_os_check_yield.str1.4","esp-idf/spi_flash/libspi_flash.a(spi_flash_os_func_app.c.obj)","//IDF/components/spi_flash/spi_flash_os_func_app.c"
"0x3fc8f53c","24",".dram0.data",".rodata.spi_flash_os_check_yield.str1.4","esp-idf/spi_flash/libspi_flash.a(spi_flash_os_func_app.c.obj)","out_write_protect!=NULL"
"0x3fc8f554","52",".dram0.data",".rodata.spi_flash_os_check_yield.str1.4","esp-idf/spi_flash/libspi_flash.a(spi_flash_os_func_app.c.obj)","//IDF/components/spi_flash/spi_flash_chip_generic.c"
"0x3fc8f588","26",".dram0.data",".rodata.spi_flash_os_check_yield.str1.4","esp-idf/spi_flash/libspi_flash.a(spi_flash_os_func_app.c.obj)","start_address < 0x1000000"
"0x3fc8f5a4","48",".dram0.data",".rodata.spi_flash_os_check_yield.str1.4","esp-idf/spi_flash/libspi_flash.a(spi_flash_os_func_app.c.obj)","//IDF/components/spi_flash/memspi_host_driver.c"
"0x3fc8f5d4","30",".dram0.data",".rodata.spi_flash_os_check_yield.str1.4","esp-idf/spi_flash/libspi_flash.a(spi_flash_os_func_app.c.obj)","address + length <= 0x1000000"
"0x3fc8f5f4","22",".dram0.data",".rodata.spi_flash_os_check_yield.str1.4","esp-idf/spi_flash/libspi_flash.a(spi_flash_os_func_app.c.obj)","size == MMU_PAGE_64KB"
"0x3fc8f60c","49",".dram0.data",".rodata.spi_flash_os_check_yield.str1.4","esp-idf/spi_flash/libspi_flash.a(spi_flash_os_func_app.c.obj)","/IDF/components/hal/esp32c3/include/hal/mmu_ll.h"
"0x3fc8f640","32",".dram0.data",".rodata.spi_flash_os_check_yield.str1.4","esp-idf/spi_flash/libspi_flash.a(spi_flash_os_func_app.c.obj)","vaddr % page_size_in_bytes == 0"
"0x3fc8f660","30",".dram0.data",".rodata.spi_flash_os_check_yield.str1.4","esp-idf/spi_flash/libspi_flash.a(spi_flash_os_func_app.c.obj)","/IDF/components/hal/mmu_hal.c"
"0x3fc8f680","32",".dram0.data",".rodata.spi_flash_os_check_yield.str1.4","esp-idf/spi_flash/libspi_flash.a(spi_flash_os_func_app.c.obj)","paddr % page_size_in_bytes == 0"
"0x3fc8f6a0","52",".dram0.data",".rodata.spi_flash_os_check_yield.str1.4","esp-idf/spi_flash/libspi_flash.a(spi_flash_os_func_app.c.obj)","mmu_ll_check_valid_paddr_region(mmu_id, paddr, len)"
"0x3fc8f6d4","97",".dram0.data",".rodata.spi_flash_os_check_yield.str1.4","esp-idf/spi_flash/libspi_flash.a(spi_flash_os_func_app.c.obj)","mmu_hal_check_valid_ext_vaddr_region(mmu_id, vaddr, len, MMU_VADDR_DATA | MMU_VADDR_INSTRUCTION)"
"0x3fc8f738","28",".dram0.data",".rodata.spi_flash_os_check_yield.str1.4","esp-idf/spi_flash/libspi_flash.a(spi_flash_os_func_app.c.obj)","target == MMU_TARGET_FLASH0"
"0x3fc8f754","95",".dram0.data",".rodata.spi_flash_os_check_yield.str1.4","esp-idf/spi_flash/libspi_flash.a(spi_flash_os_func_app.c.obj)","mmu_hal_check_valid_ext_vaddr_region(mmu_id, vaddr, 1, MMU_VADDR_DATA | MMU_VADDR_INSTRUCTION)"
"0x3fc8f7b4","50",".dram0.data",".rodata.spi_flash_os_check_yield.str1.4","esp-idf/spi_flash/libspi_flash.a(spi_flash_os_func_app.c.obj)","mmu_ll_check_valid_paddr_region(mmu_id, paddr, 1)"
"0x3fc8f7e8","52",".dram0.data",".rodata.spi_flash_os_check_yield.str1.4","esp-idf/spi_flash/libspi_flash.a(spi_flash_os_func_app.c.obj)","cache_level && (cache_level <= CACHE_LL_LEVEL_NUMS)"
"0x3fc8f81c","32",".dram0.data",".rodata.spi_flash_os_check_yield.str1.4","esp-idf/spi_flash/libspi_flash.a(spi_flash_os_func_app.c.obj)","/IDF/components/hal/cache_hal.c"
"0x3fc8f83c","35",".dram0.data",".rodata.spi_flash_os_check_yield.str1.4","esp-idf/spi_flash/libspi_flash.a(spi_flash_os_func_app.c.obj)","cache_level <= CACHE_LL_LEVEL_NUMS"
"0x3fc8f894","13",".dram0.data",".rodata.spi_flash_os_check_yield.str1.4","esp-idf/spi_flash/libspi_flash.a(spi_flash_os_func_app.c.obj)","heap != NULL"
"0x3fc8f8a4","61",".dram0.data",".rodata.spi_flash_os_check_yield.str1.4","esp-idf/spi_flash/libspi_flash.a(spi_flash_os_func_app.c.obj)","0 == (align & (align - 1)) && ""must align to a power of two"""
"0x3fc8f8e4","57",".dram0.data",".rodata.spi_flash_os_check_yield.str1.4","esp-idf/spi_flash/libspi_flash.a(spi_flash_os_func_app.c.obj)","sl_map && ""internal error - second level bitmap is null"""
"0x3fc8f920","27",".dram0.data",".rodata.spi_flash_os_check_yield.str1.4","esp-idf/spi_flash/libspi_flash.a(spi_flash_os_func_app.c.obj)","block_size(block) >= *size"
"0x3fc8f93c","32",".dram0.data",".rodata.spi_flash_os_check_yield.str1.4","esp-idf/spi_flash/libspi_flash.a(spi_flash_os_func_app.c.obj)","size && ""size must be non-zero"""
"0x3fc8f95c","45",".dram0.data",".rodata.spi_flash_os_check_yield.str1.4","esp-idf/spi_flash/libspi_flash.a(spi_flash_os_func_app.c.obj)","block_is_free(block) && ""block must be free"""
"0x3fc8f98c","116",".dram0.data",".rodata.spi_flash_os_check_yield.str1.4","esp-idf/spi_flash/libspi_flash.a(spi_flash_os_func_app.c.obj)","block_to_ptr(remaining) == align_ptr(block_to_ptr(remaining), ALIGN_SIZE) && ""remaining block not aligned properly"""
"0x3fc8fa00","64",".dram0.data",".rodata.spi_flash_os_check_yield.str1.4","esp-idf/spi_flash/libspi_flash.a(spi_flash_os_func_app.c.obj)","block_size(block) == remain_size + size + block_header_overhead"
"0x3fc8fa40","75",".dram0.data",".rodata.spi_flash_os_check_yield.str1.4","esp-idf/spi_flash/libspi_flash.a(spi_flash_os_func_app.c.obj)","block_size(remaining) >= block_size_min && ""block split with invalid size"""
"0x3fc8fa8c","43",".dram0.data",".rodata.spi_flash_os_check_yield.str1.4","esp-idf/spi_flash/libspi_flash.a(spi_flash_os_func_app.c.obj)","gap >= gap_minimum && ""gap size too small"""
"0x3fc8fab8","56",".dram0.data",".rodata.spi_flash_os_check_yield.str1.4","esp-idf/spi_flash/libspi_flash.a(spi_flash_os_func_app.c.obj)","!block_is_free(block) && ""block already marked as free"""
"0x3fc8faf0","44",".dram0.data",".rodata.spi_flash_os_check_yield.str1.4","esp-idf/spi_flash/libspi_flash.a(spi_flash_os_func_app.c.obj)","prev && ""prev physical block can't be null"""
"0x3fc8fb1c","70",".dram0.data",".rodata.spi_flash_os_check_yield.str1.4","esp-idf/spi_flash/libspi_flash.a(spi_flash_os_func_app.c.obj)","block_is_free(prev) && ""prev block is not free though marked as such"""
"0x3fc8fb64","55",".dram0.data",".rodata.spi_flash_os_check_yield.str1.4","esp-idf/spi_flash/libspi_flash.a(spi_flash_os_func_app.c.obj)","!block_is_last(prev) && ""previous block can't be last"""
"0x3fc8fb9c","44",".dram0.data",".rodata.spi_flash_os_check_yield.str1.4","esp-idf/spi_flash/libspi_flash.a(spi_flash_os_func_app.c.obj)","next && ""next physical block can't be null"""
"0x3fc8fbc8","12",".dram0.data",".rodata.spi_flash_os_check_yield.str1.4","esp-idf/spi_flash/libspi_flash.a(spi_flash_os_func_app.c.obj)","divider > 0"
"0x3fc8fbd4","64",".dram0.data",".rodata.spi_flash_os_check_yield.str1.4","esp-idf/spi_flash/libspi_flash.a(spi_flash_os_func_app.c.obj)","/IDF/components/esp_hal_clock/esp32c3/include/hal/clk_tree_ll.h"
"0x3fc8fc14","28",".dram0.data",".rodata.spi_flash_os_check_yield.str1.4","esp-idf/spi_flash/libspi_flash.a(spi_flash_os_func_app.c.obj)","abort() was called at PC 0x"
"0x3fc8fc30","10",".dram0.data",".rodata.spi_flash_os_check_yield.str1.4","esp-idf/spi_flash/libspi_flash.a(spi_flash_os_func_app.c.obj)"," on core "
"0x3fc8fc3c","18",".dram0.data",".rodata.spi_flash_os_check_yield.str1.4","esp-idf/spi_flash/libspi_flash.a(spi_flash_os_func_app.c.obj)","<cached disabled>"
"0x3fc8fc54","16",".dram0.data",".rodata.spi_flash_os_check_yield.str1.4","esp-idf/spi_flash/libspi_flash.a(spi_flash_os_func_app.c.obj)","assert failed: "
"0x3fc8fc70","11",".dram0.data",".rodata.spi_flash_os_check_yield.str1.4","esp-idf/spi_flash/libspi_flash.a(spi_flash_os_func_app.c.obj)","range == 0"
"0x3fc8fc7c","45",".dram0.data",".rodata.spi_flash_os_check_yield.str1.4","esp-idf/spi_flash/libspi_flash.a(spi_flash_os_func_app.c.obj)","/IDF/components/esp_hal_ledc/ledc_hal_iram.c"
"0x3fc8fcac","63",".dram0.data",".rodata.spi_flash_os_check_yield.str1.4","esp-idf/spi_flash/libspi_flash.a(spi_flash_os_func_app.c.obj)","plaintext_offs + size <= SOC_FLASH_ENCRYPTED_XTS_AES_BLOCK_MAX"
"0x3fc8fcec","74",".dram0.data",".rodata.spi_flash_os_check_yield.str1.4","esp-idf/spi_flash/libspi_flash.a(spi_flash_os_func_app.c.obj)","/IDF/components/esp_hal_mspi/esp32c3/include/hal/spi_flash_encrypted_ll.h"
"0x3fc8fd38","41",".dram0.data",".rodata.spi_flash_os_check_yield.str1.4","esp-idf/spi_flash/libspi_flash.a(spi_flash_os_func_app.c.obj)","s_task_stack_is_sane_when_cache_frozen()"
"0x3fc8fd64","42",".dram0.data",".rodata.spi_flash_os_check_yield.str1.4","esp-idf/spi_flash/libspi_flash.a(spi_flash_os_func_app.c.obj)","//IDF/components/esp_mm/esp_cache_utils.c"
"0x3fc8fd90","33",".dram0.data",".rodata.spi_flash_os_check_yield.str1.4","esp-idf/spi_flash/libspi_flash.a(spi_flash_os_func_app.c.obj)","false && ""unsupported WDT stage"""
"0x3fc8fdb4","58",".dram0.data",".rodata.spi_flash_os_check_yield.str1.4","esp-idf/spi_flash/libspi_flash.a(spi_flash_os_func_app.c.obj)","/IDF/components/esp_hal_wdt/esp32c3/include/hal/mwdt_ll.h"
"0x3fc8fdf0","26",".dram0.data",".rodata.spi_flash_os_check_yield.str1.4","esp-idf/spi_flash/libspi_flash.a(spi_flash_os_func_app.c.obj)","%s failed: esp_err_t 0x%x"
"0x3fc8fe0c","6",".dram0.data",".rodata.spi_flash_os_check_yield.str1.4","esp-idf/spi_flash/libspi_flash.a(spi_flash_os_func_app.c.obj)"," (%s)"
"0x3fc8fe4c","30",".dram0.data",".rodata.spi_flash_os_check_yield.str1.4","esp-idf/spi_flash/libspi_flash.a(spi_flash_os_func_app.c.obj)","ESP_ERROR_CHECK_WITHOUT_ABORT"
"0x3fc8fe6c","16",".dram0.data",".rodata.spi_flash_os_check_yield.str1.4","esp-idf/spi_flash/libspi_flash.a(spi_flash_os_func_app.c.obj)","ESP_ERROR_CHECK"
"0x3fc8fe7c","19",".dram0.data",".rodata.spi_flash_os_check_yield.str1.4","esp-idf/spi_flash/libspi_flash.a(spi_flash_os_func_app.c.obj)","period < (1 << 26)"
"0x3fc8fe90","54",".dram0.data",".rodata.spi_flash_os_check_yield.str1.4","esp-idf/spi_flash/libspi_flash.a(spi_flash_os_func_app.c.obj)","/IDF/components/hal/esp32c3/include/hal/systimer_ll.h"
"0x3fc8ff50","9",".dram0.data",".rodata.spi_flash_os_check_yield.str1.4","esp-idf/spi_flash/libspi_flash.a(spi_flash_os_func_app.c.obj)","18:46:20"
"0x3fc8ff5c","12",".dram0.data",".rodata.spi_flash_os_check_yield.str1.4","esp-idf/spi_flash/libspi_flash.a(spi_flash_os_func_app.c.obj)","Apr 13 2026"
"0x3fc8ff68","9",".dram0.data",".rodata.spi_flash_os_check_yield.str1.4","esp-idf/spi_flash/libspi_flash.a(spi_flash_os_func_app.c.obj)","8bd8c6fc"
"0x3fc8ff74","12",".dram0.data",".rodata.spi_flash_os_check_yield.str1.4","esp-idf/spi_flash/libspi_flash.a(spi_flash_os_func_app.c.obj)","%d,%s,%s,%s"
"0x3fc8ffd0","10",".dram0.data",".rodata.spi_flash_os_check_yield.str1.4","esp-idf/spi_flash/libspi_flash.a(spi_flash_os_func_app.c.obj)"," (%d,%d) "
"0x3fc8ffdc","7",".dram0.data",".rodata.spi_flash_os_check_yield.str1.4","esp-idf/spi_flash/libspi_flash.a(spi_flash_os_func_app.c.obj)","%d,%d "
"0x3fc8ffe4","42",".dram0.data",".rodata.spi_flash_os_check_yield.str1.4","esp-idf/spi_flash/libspi_flash.a(spi_flash_os_func_app.c.obj)","stage %d: CGAIN=%d FGAIN=%d, (%d,%d) %d; "
"0x3fc90014","12",".dram0.data",".rodata.spi_flash_os_check_yield.str1.4","esp-idf/spi_flash/libspi_flash.a(spi_flash_os_func_app.c.obj)","%d, %d-%d, "
"0x3fc90100","9",".dram0.data",".rodata.spi_flash_os_check_yield.str1.4","esp-idf/spi_flash/libspi_flash.a(spi_flash_os_func_app.c.obj)","%d, %d; "
