"input_section","address","bytes","bytes_before_relaxing","owner","output_section"
".rtc.force_slow.0","1342177280","36","36","esp-idf/esp_hw_support/libesp_hw_support.a(sleep_modes.c.obj)",".rtc.force_slow"
".rtc_timer_data_in_rtc_mem","1342185448","24","24","esp-idf/esp_hw_support/libesp_hw_support.a(esp_clk.c.obj)",".rtc_reserved"
".sdata","1070125568","4","4","<DEPENDENCIES>/tools-v6.0.2/tools/riscv32-esp-elf/esp-15.2.0_20251204/riscv32-esp-elf/bin/../riscv32-esp-elf/../picolibc/riscv32-esp-elf/lib/rv32imc_zicsr_zifencei/ilp32/no-rtti/libc.a(libc_stdlib_environ.c.o)",".dram0.data"
".sdata","1070125572","8","8","<DEPENDENCIES>/tools-v6.0.2/tools/riscv32-esp-elf/esp-15.2.0_20251204/riscv32-esp-elf/bin/../riscv32-esp-elf/../picolibc/riscv32-esp-elf/lib/rv32imc_zicsr_zifencei/ilp32/no-rtti/libc.a(libc_time_tzvars.c.o)",".dram0.data"
".sdata.ESP_EFUSE_KEY5","1070125580","8","8","esp-idf/efuse/libefuse.a(esp_efuse_table.c.obj)",".dram0.data"
".sdata.ESP_EFUSE_KEY4","1070125588","8","8","esp-idf/efuse/libefuse.a(esp_efuse_table.c.obj)",".dram0.data"
".sdata.ESP_EFUSE_KEY3","1070125596","8","8","esp-idf/efuse/libefuse.a(esp_efuse_table.c.obj)",".dram0.data"
".sdata.ESP_EFUSE_KEY2","1070125604","8","8","esp-idf/efuse/libefuse.a(esp_efuse_table.c.obj)",".dram0.data"
".sdata.ESP_EFUSE_KEY1","1070125612","8","8","esp-idf/efuse/libefuse.a(esp_efuse_table.c.obj)",".dram0.data"
".sdata.ESP_EFUSE_KEY0","1070125620","8","8","esp-idf/efuse/libefuse.a(esp_efuse_table.c.obj)",".dram0.data"
".sdata.ESP_EFUSE_USER_DATA_MAC_CUSTOM","1070125628","8","8","esp-idf/efuse/libefuse.a(esp_efuse_table.c.obj)",".dram0.data"
".sdata.ESP_EFUSE_ADC1_INIT_CODE_ATTEN3","1070125636","8","8","esp-idf/efuse/libefuse.a(esp_efuse_table.c.obj)",".dram0.data"
".sdata.ESP_EFUSE_ADC1_INIT_CODE_ATTEN2","1070125644","8","8","esp-idf/efuse/libefuse.a(esp_efuse_table.c.obj)",".dram0.data"
".sdata.ESP_EFUSE_ADC1_INIT_CODE_ATTEN1","1070125652","8","8","esp-idf/efuse/libefuse.a(esp_efuse_table.c.obj)",".dram0.data"
".sdata.ESP_EFUSE_ADC1_INIT_CODE_ATTEN0","1070125660","8","8","esp-idf/efuse/libefuse.a(esp_efuse_table.c.obj)",".dram0.data"
".sdata.ESP_EFUSE_BLK_VERSION_MAJOR","1070125668","8","8","esp-idf/efuse/libefuse.a(esp_efuse_table.c.obj)",".dram0.data"
".sdata.ESP_EFUSE_KEY_PURPOSE_5","1070125676","8","8","esp-idf/efuse/libefuse.a(esp_efuse_table.c.obj)",".dram0.data"
".sdata.ESP_EFUSE_KEY_PURPOSE_4","1070125684","8","8","esp-idf/efuse/libefuse.a(esp_efuse_table.c.obj)",".dram0.data"
".sdata.ESP_EFUSE_KEY_PURPOSE_3","1070125692","8","8","esp-idf/efuse/libefuse.a(esp_efuse_table.c.obj)",".dram0.data"
".sdata.ESP_EFUSE_KEY_PURPOSE_2","1070125700","8","8","esp-idf/efuse/libefuse.a(esp_efuse_table.c.obj)",".dram0.data"
".sdata.ESP_EFUSE_KEY_PURPOSE_1","1070125708","8","8","esp-idf/efuse/libefuse.a(esp_efuse_table.c.obj)",".dram0.data"
".sdata.ESP_EFUSE_KEY_PURPOSE_0","1070125716","8","8","esp-idf/efuse/libefuse.a(esp_efuse_table.c.obj)",".dram0.data"
".sdata.ESP_EFUSE_RD_DIS_BLOCK_KEY5","1070125724","8","8","esp-idf/efuse/libefuse.a(esp_efuse_table.c.obj)",".dram0.data"
".sdata.ESP_EFUSE_RD_DIS_BLOCK_KEY4","1070125732","8","8","esp-idf/efuse/libefuse.a(esp_efuse_table.c.obj)",".dram0.data"
".sdata.ESP_EFUSE_RD_DIS_BLOCK_KEY3","1070125740","8","8","esp-idf/efuse/libefuse.a(esp_efuse_table.c.obj)",".dram0.data"
".sdata.ESP_EFUSE_RD_DIS_BLOCK_KEY2","1070125748","8","8","esp-idf/efuse/libefuse.a(esp_efuse_table.c.obj)",".dram0.data"
".sdata.ESP_EFUSE_RD_DIS_BLOCK_KEY1","1070125756","8","8","esp-idf/efuse/libefuse.a(esp_efuse_table.c.obj)",".dram0.data"
".sdata.ESP_EFUSE_RD_DIS_BLOCK_KEY0","1070125764","8","8","esp-idf/efuse/libefuse.a(esp_efuse_table.c.obj)",".dram0.data"
".sdata.ESP_EFUSE_WR_DIS_BLOCK_KEY5","1070125772","8","8","esp-idf/efuse/libefuse.a(esp_efuse_table.c.obj)",".dram0.data"
".sdata.ESP_EFUSE_WR_DIS_BLOCK_KEY4","1070125780","8","8","esp-idf/efuse/libefuse.a(esp_efuse_table.c.obj)",".dram0.data"
".sdata.ESP_EFUSE_WR_DIS_BLOCK_KEY3","1070125788","8","8","esp-idf/efuse/libefuse.a(esp_efuse_table.c.obj)",".dram0.data"
".sdata.ESP_EFUSE_WR_DIS_BLOCK_KEY2","1070125796","8","8","esp-idf/efuse/libefuse.a(esp_efuse_table.c.obj)",".dram0.data"
".sdata.ESP_EFUSE_WR_DIS_BLOCK_KEY1","1070125804","8","8","esp-idf/efuse/libefuse.a(esp_efuse_table.c.obj)",".dram0.data"
".sdata.ESP_EFUSE_WR_DIS_BLOCK_KEY0","1070125812","8","8","esp-idf/efuse/libefuse.a(esp_efuse_table.c.obj)",".dram0.data"
".sdata.ESP_EFUSE_WR_DIS_KEY_PURPOSE_5","1070125820","8","8","esp-idf/efuse/libefuse.a(esp_efuse_table.c.obj)",".dram0.data"
".sdata.ESP_EFUSE_WR_DIS_KEY_PURPOSE_4","1070125828","8","8","esp-idf/efuse/libefuse.a(esp_efuse_table.c.obj)",".dram0.data"
".sdata.ESP_EFUSE_WR_DIS_KEY_PURPOSE_3","1070125836","8","8","esp-idf/efuse/libefuse.a(esp_efuse_table.c.obj)",".dram0.data"
".sdata.ESP_EFUSE_WR_DIS_KEY_PURPOSE_2","1070125844","8","8","esp-idf/efuse/libefuse.a(esp_efuse_table.c.obj)",".dram0.data"
".sdata.ESP_EFUSE_WR_DIS_KEY_PURPOSE_1","1070125852","8","8","esp-idf/efuse/libefuse.a(esp_efuse_table.c.obj)",".dram0.data"
".sdata.ESP_EFUSE_WR_DIS_KEY_PURPOSE_0","1070125860","8","8","esp-idf/efuse/libefuse.a(esp_efuse_table.c.obj)",".dram0.data"
".sdata.esp_flash_registered_chips","1070125868","4","4","esp-idf/spi_flash/libspi_flash.a(spi_flash_chip_drivers.c.obj)",".dram0.data"
".sdata.rtc_wdt_ctx","1070125872","8","8","esp-idf/esp_system/libesp_system.a(panic.c.obj)",".dram0.data"
".sdata.s_memp_intr","1070125880","8","8","esp-idf/esp_system/libesp_system.a(panic_arch.c.obj)",".dram0.data"
".sdata.malloc_alwaysinternal_limit","1070125888","4","4","esp-idf/heap/libheap.a(heap_caps.c.obj)",".dram0.data"
".sdata.first_call.0","1070125892","1","1","esp-idf/esp_hw_support/libesp_hw_support.a(esp_clk.c.obj)",".dram0.data"
".sdata.s_reserved_pin_mask","1070125896","8","8","esp-idf/esp_hw_support/libesp_hw_support.a(esp_gpio_reserve.c.obj)",".dram0.data"
".sdata.stdout","1070125904","4","4","esp-idf/esp_libc/libesp_libc.a(picolibc_init.c.obj)",".dram0.data"
".sdata.stdin","1070125908","4","4","esp-idf/esp_libc/libesp_libc.a(picolibc_init.c.obj)",".dram0.data"
".sdata.s_screensaver_playing_timeout","1070125912","2","2","esp-idf/main/libmain.a(display_settings.c.obj)",".dram0.data"
".sdata.s_screensaver_timeout","1070125914","2","2","esp-idf/main/libmain.a(display_settings.c.obj)",".dram0.data"
".sdata.s_screen_on","1070125916","1","1","esp-idf/main/libmain.a(display_settings.c.obj)",".dram0.data"
".sdata.s_smartstart","1070125917","1","1","esp-idf/main/libmain.a(radio_control.c.obj)",".dram0.data"
".sdata.s_current_item","1070125918","2","2","esp-idf/main/libmain.a(radio_control.c.obj)",".dram0.data"
".sdata.s_encoder_acceleration","1070125920","2","2","esp-idf/main/libmain.a(runtime_settings.c.obj)",".dram0.data"
".sdata.s_volume_steps","1070125922","1","1","esp-idf/main/libmain.a(runtime_settings.c.obj)",".dram0.data"
".sdata.s_time_sync_interval_min","1070125924","2","2","esp-idf/main/libmain.a(runtime_settings.c.obj)",".dram0.data"
".sdata.s_watchdog","1070125926","1","1","esp-idf/main/libmain.a(runtime_settings.c.obj)",".dram0.data"
".sdata.s_audio_buffer_blocks","1070125927","1","1","esp-idf/main/libmain.a(runtime_settings.c.obj)",".dram0.data"
".sdata.s_last_brightness","1070125928","1","1","esp-idf/audio_level_led/libaudio_level_led.a(audio_level_led.c.obj)",".dram0.data"
".sdata.s_normalization_time_ms","1070125930","2","2","esp-idf/native_audio_settings/libnative_audio_settings.a(native_audio_settings.c.obj)",".dram0.data"
".sdata.s_normalization_target_dbfs","1070125932","1","1","esp-idf/native_audio_settings/libnative_audio_settings.a(native_audio_settings.c.obj)",".dram0.data"
".sdata.s_normalization_gain_db","1070125933","1","1","esp-idf/native_audio_settings/libnative_audio_settings.a(native_audio_settings.c.obj)",".dram0.data"
".sdata.s_volume","1070125934","1","1","esp-idf/native_audio_settings/libnative_audio_settings.a(native_audio_settings.c.obj)",".dram0.data"
".sdata.FLACMetadataBlock","1070125936","4","4","esp-idf/custom_flac/libcustom_flac.a(flac_decoder.cpp.obj)",".dram0.data"
".sdata.FLACFrameHeader","1070125940","4","4","esp-idf/custom_flac/libcustom_flac.a(flac_decoder.cpp.obj)",".dram0.data"
".sdata._gpio_hal","1070125944","4","4","esp-idf/esp_driver_gpio/libesp_driver_gpio.a(gpio.c.obj)",".dram0.data"
".sdata.s_sync_interval","1070125948","4","4","esp-idf/lwip/liblwip.a(sntp.c.obj)",".dram0.data"
".sdata.tcp_port","1070125952","2","2","esp-idf/lwip/liblwip.a(tcp.c.obj)",".dram0.data"
".sdata.udp_port","1070125954","2","2","esp-idf/lwip/liblwip.a(udp.c.obj)",".dram0.data"
".sdata.mbedtls_free_func","1070125956","4","4","esp-idf/mbedtls/mbedtls/tf-psa-crypto/core/libtfpsacrypto.a(platform.c.obj)",".dram0.data"
".sdata.mbedtls_calloc_func","1070125960","4","4","esp-idf/mbedtls/mbedtls/tf-psa-crypto/core/libtfpsacrypto.a(platform.c.obj)",".dram0.data"
".sdata.mbedtls_threading_psa_rngdata_mutex","1070125964","8","8","esp-idf/mbedtls/mbedtls/tf-psa-crypto/core/libtfpsacrypto.a(threading.c.obj)",".dram0.data"
".sdata.mbedtls_threading_psa_globaldata_mutex","1070125972","8","8","esp-idf/mbedtls/mbedtls/tf-psa-crypto/core/libtfpsacrypto.a(threading.c.obj)",".dram0.data"
".sdata.mbedtls_threading_key_slot_mutex","1070125980","8","8","esp-idf/mbedtls/mbedtls/tf-psa-crypto/core/libtfpsacrypto.a(threading.c.obj)",".dram0.data"
".sdata.mbedtls_mutex_unlock_ptr","1070125988","4","4","esp-idf/mbedtls/mbedtls/tf-psa-crypto/core/libtfpsacrypto.a(threading.c.obj)",".dram0.data"
".sdata.mbedtls_mutex_lock_ptr","1070125992","4","4","esp-idf/mbedtls/mbedtls/tf-psa-crypto/core/libtfpsacrypto.a(threading.c.obj)",".dram0.data"
".sdata.mbedtls_mutex_free_ptr","1070125996","4","4","esp-idf/mbedtls/mbedtls/tf-psa-crypto/core/libtfpsacrypto.a(threading.c.obj)",".dram0.data"
".sdata.mbedtls_mutex_init_ptr","1070126000","4","4","esp-idf/mbedtls/mbedtls/tf-psa-crypto/core/libtfpsacrypto.a(threading.c.obj)",".dram0.data"
".sdata.gdma_ahb_hal_priv_data","1070126004","4","4","esp-idf/esp_hal_dma/libesp_hal_dma.a(gdma_hal_ahb_v1.c.obj)",".dram0.data"
".sdata.s_hal_tsens_idx","1070126008","1","1","esp-idf/esp_hal_ana_conv/libesp_hal_ana_conv.a(temperature_sensor_hal.c.obj)",".dram0.data"
".sdata.s_hal_record_max","1070126012","4","4","esp-idf/esp_hal_ana_conv/libesp_hal_ana_conv.a(temperature_sensor_hal.c.obj)",".dram0.data"
".sdata.s_hal_record_min","1070126016","4","4","esp-idf/esp_hal_ana_conv/libesp_hal_ana_conv.a(temperature_sensor_hal.c.obj)",".dram0.data"
".sdata._g_esp_netif_netstack_default_wifi_ap","1070126020","4","4","esp-idf/esp_netif/libesp_netif.a(esp_netif_lwip_defaults.c.obj)",".dram0.data"
".sdata._g_esp_netif_netstack_default_wifi_sta","1070126024","4","4","esp-idf/esp_netif/libesp_netif.a(esp_netif_lwip_defaults.c.obj)",".dram0.data"
".sdata.DW.ref.__gxx_personality_v0","1070126028","4","4","<DEPENDENCIES>/tools-v6.0.2/tools/riscv32-esp-elf/esp-15.2.0_20251204/riscv32-esp-elf/bin/../riscv32-esp-elf/../picolibc/riscv32-esp-elf/lib/rv32imc_zicsr_zifencei/ilp32/no-rtti/libstdc++.a(new_handler.o)",".dram0.data"
".sdata._ZN10__cxxabiv119__terminate_handlerE","1070126032","4","4","<DEPENDENCIES>/tools-v6.0.2/tools/riscv32-esp-elf/esp-15.2.0_20251204/riscv32-esp-elf/bin/../riscv32-esp-elf/../picolibc/riscv32-esp-elf/lib/rv32imc_zicsr_zifencei/ilp32/no-rtti/libstdc++.a(eh_term_handler.o)",".dram0.data"
".data.ESP_EFUSE_MAC","1070126036","28","28","esp-idf/efuse/libefuse.a(esp_efuse_table.c.obj)",".dram0.data"
".data.default_registered_chips","1070126064","32","32","esp-idf/spi_flash/libspi_flash.a(spi_flash_chip_drivers.c.obj)",".dram0.data"
".data.__stdout","1070126096","80","80","esp-idf/esp_libc/libesp_libc.a(picolibc_init.c.obj)",".dram0.data"
".data.__stdin","1070126176","80","80","esp-idf/esp_libc/libesp_libc.a(picolibc_init.c.obj)",".dram0.data"
".data.s_stub_table","1070126256","156","156","esp-idf/esp_libc/libesp_libc.a(picolibc_init.c.obj)",".dram0.data"
".data.timestamp_id","1070126416","16","16","esp-idf/esp_timer/libesp_timer.a(esp_timer_impl_common.c.obj)",".dram0.data"
".data.s_fd_table","1070126432","192","192","esp-idf/vfs/libvfs.a(vfs.c.obj)",".dram0.data"
".data.s_current_name","1070126624","144","144","esp-idf/main/libmain.a(radio_control.c.obj)",".dram0.data"
".data.s_sntp2","1070126768","35","35","esp-idf/main/libmain.a(runtime_settings.c.obj)",".dram0.data"
".data.s_sntp1","1070126804","35","35","esp-idf/main/libmain.a(runtime_settings.c.obj)",".dram0.data"
".data.s_mdns_name","1070126840","24","24","esp-idf/main/libmain.a(runtime_settings.c.obj)",".dram0.data"
".data.s_sntp_server2","1070126864","35","35","esp-idf/main/libmain.a(time_service.c.obj)",".dram0.data"
".data.s_sntp_server1","1070126900","35","35","esp-idf/main/libmain.a(time_service.c.obj)",".dram0.data"
".data._ZN12_GLOBAL__N_1L10normalizerE","1070126936","24","24","esp-idf/main/libmain.a(native_audio_normalizer.cpp.obj)",".dram0.data"
".data.gpio_context","1070126960","32","32","esp-idf/esp_driver_gpio/libesp_driver_gpio.a(gpio.c.obj)",".dram0.data"
".data.s_platform","1070126992","12","12","esp-idf/esp_driver_dma/libesp_driver_dma.a(gdma.c.obj)",".dram0.data"
".data.s_mac_table","1070127004","56","56","esp-idf/esp_hw_support/libesp_hw_support.a(mac_addr.c.obj)",".dram0.data"
".data.g_wifi_osi_funcs","1070127060","480","480","esp-idf/esp_wifi/libesp_wifi.a(esp_adapter.c.obj)",".dram0.data"
".data.g_i2s","1070127540","16","16","esp-idf/esp_driver_i2s/libesp_driver_i2s.a(i2s_platform.c.obj)",".dram0.data"
".data.phy_param","1070127556","844","844","<IDF>/components/esp_phy/lib/esp32c3/libphy.a(phy_init.o)",".dram0.data"
".data.wifi_ht20","1070128400","2","2","<IDF>/components/esp_phy/lib/esp32c3/libphy.a(phy_analog_cal.o)",".dram0.data"
".data.wifi_ht40","1070128402","2","2","<IDF>/components/esp_phy/lib/esp32c3/libphy.a(phy_analog_cal.o)",".dram0.data"
".data.s_raw_seq.0","1070128404","2","2","<IDF>/components/esp_wifi/lib/esp32c3/libnet80211.a(ieee80211_output.o)",".dram0.data"
".data.TmpSTAAPCloseAP","1070128406","1","1","<IDF>/components/esp_wifi/lib/esp32c3/libnet80211.a(ieee80211_hostap.o)",".dram0.data"
".data.g_mesh_self_organized","1070128407","1","1","<IDF>/components/esp_wifi/lib/esp32c3/libnet80211.a(ieee80211_mesh_quick.o)",".dram0.data"
".data.ieee80211_11a_table","1070128408","212","212","<IDF>/components/esp_wifi/lib/esp32c3/libnet80211.a(ieee80211_phy.o)",".dram0.data"
".data.g_phy_cap_rx_stbc","1070128620","1","1","<IDF>/components/esp_wifi/lib/esp32c3/libnet80211.a(ieee80211_ht.o)",".dram0.data"
".data.g_wifi_nvs","1070128624","4","4","<IDF>/components/esp_wifi/lib/esp32c3/libnet80211.a(ieee80211_nvs.o)",".dram0.data"
".data.s_ap_igtk_active_idx","1070128628","2","2","<IDF>/components/esp_wifi/lib/esp32c3/libnet80211.a(ieee80211_supplicant.o)",".dram0.data"
".data.s_sta_igtk_active_idx","1070128630","2","2","<IDF>/components/esp_wifi/lib/esp32c3/libnet80211.a(ieee80211_supplicant.o)",".dram0.data"
".data.g_timer_info","1070128632","216","216","<IDF>/components/esp_wifi/lib/esp32c3/libnet80211.a(ieee80211_timer.o)",".dram0.data"
".data.gcmp","1070128848","24","24","<IDF>/components/esp_wifi/lib/esp32c3/libnet80211.a(ieee80211_crypto_gcmp.o)",".dram0.data"
".data.WIFI_MESH_EVENT","1070128872","4","4","<IDF>/components/esp_wifi/lib/esp32c3/libnet80211.a(ieee80211_api.o)",".dram0.data"
".data.g_wifi_event_mask","1070128876","4","4","<IDF>/components/esp_wifi/lib/esp32c3/libnet80211.a(ieee80211_api.o)",".dram0.data"
".data.s_wifi_init_state","1070128880","4","4","<IDF>/components/esp_wifi/lib/esp32c3/libnet80211.a(ieee80211_api.o)",".dram0.data"
".data.join_deny_flag","1070128884","1","1","<IDF>/components/esp_wifi/lib/esp32c3/libnet80211.a(wl_cnx.o)",".dram0.data"
".data.g_dynamic_cs","1070128888","12","12","<IDF>/components/esp_wifi/lib/esp32c3/libnet80211.a(ieee80211_sta.o)",".dram0.data"
".data.send_deauth","1070128900","1","1","<IDF>/components/esp_wifi/lib/esp32c3/libnet80211.a(ieee80211_sta.o)",".dram0.data"
".data.sms4","1070128904","24","24","<IDF>/components/esp_wifi/lib/esp32c3/libnet80211.a(ieee80211_crypto_sms4.o)",".dram0.data"
".data.ccmp","1070128928","24","24","<IDF>/components/esp_wifi/lib/esp32c3/libnet80211.a(ieee80211_crypto_ccmp.o)",".dram0.data"
".data.ba_recv_action","1070128952","12","12","<IDF>/components/esp_wifi/lib/esp32c3/libnet80211.a(ieee80211_action.o)",".dram0.data"
".data.ba_send_action","1070128964","12","12","<IDF>/components/esp_wifi/lib/esp32c3/libnet80211.a(ieee80211_action.o)",".dram0.data"
".data.ht_recv_action","1070128976","4","4","<IDF>/components/esp_wifi/lib/esp32c3/libnet80211.a(ieee80211_action.o)",".dram0.data"
".data.ht_send_action","1070128980","4","4","<IDF>/components/esp_wifi/lib/esp32c3/libnet80211.a(ieee80211_action.o)",".dram0.data"
".data.public_recv_action","1070128984","136","136","<IDF>/components/esp_wifi/lib/esp32c3/libnet80211.a(ieee80211_action.o)",".dram0.data"
".data.public_send_action","1070129120","136","136","<IDF>/components/esp_wifi/lib/esp32c3/libnet80211.a(ieee80211_action.o)",".dram0.data"
".data.sa_query_recv_action","1070129256","8","8","<IDF>/components/esp_wifi/lib/esp32c3/libnet80211.a(ieee80211_action.o)",".dram0.data"
".data.sa_query_send_action","1070129264","8","8","<IDF>/components/esp_wifi/lib/esp32c3/libnet80211.a(ieee80211_action.o)",".dram0.data"
".data.vendor_recv_action","1070129272","4","4","<IDF>/components/esp_wifi/lib/esp32c3/libnet80211.a(ieee80211_action.o)",".dram0.data"
".data.vendor_send_action","1070129276","4","4","<IDF>/components/esp_wifi/lib/esp32c3/libnet80211.a(ieee80211_action.o)",".dram0.data"
".data.tkip","1070129280","24","24","<IDF>/components/esp_wifi/lib/esp32c3/libnet80211.a(ieee80211_crypto_tkip.o)",".dram0.data"
".data.g_scan_chan_list","1070129304","14","14","<IDF>/components/esp_wifi/lib/esp32c3/libnet80211.a(ieee80211_scan.o)",".dram0.data"
".data.wep","1070129320","24","24","<IDF>/components/esp_wifi/lib/esp32c3/libnet80211.a(ieee80211_crypto_wep.o)",".dram0.data"
".data.g_pm_cfg","1070129344","76","76","<IDF>/components/esp_wifi/lib/esp32c3/libpp.a(pm.o)",".dram0.data"
".data.TxRxCxt","1070129420","960","960","<IDF>/components/esp_wifi/lib/esp32c3/libpp.a(pp.o)",".dram0.data"
".data.g_eb_list_desc","1070130380","220","220","<IDF>/components/esp_wifi/lib/esp32c3/libpp.a(esf_buf.o)",".dram0.data"
".data.g_txop_queue_status","1070130600","3","3","<IDF>/components/esp_wifi/lib/esp32c3/libpp.a(lmac.o)",".dram0.data"
".data.lmacConfMib","1070130604","48","48","<IDF>/components/esp_wifi/lib/esp32c3/libpp.a(lmac.o)",".dram0.data"
".data.BasicOFDMSched","1070130652","12","12","<IDF>/components/esp_wifi/lib/esp32c3/libpp.a(trc.o)",".dram0.data"
".data.rc11BSchedTbl","1070130664","72","72","<IDF>/components/esp_wifi/lib/esp32c3/libpp.a(trc.o)",".dram0.data"
".data.rc11GSchedTbl","1070130736","156","156","<IDF>/components/esp_wifi/lib/esp32c3/libpp.a(trc.o)",".dram0.data"
".data.rc11NSchedTbl","1070130892","168","168","<IDF>/components/esp_wifi/lib/esp32c3/libpp.a(trc.o)",".dram0.data"
".data.rcLoRaSchedTbl","1070131060","24","24","<IDF>/components/esp_wifi/lib/esp32c3/libpp.a(trc.o)",".dram0.data"
".data.rcP2P11GSchedTbl","1070131084","96","96","<IDF>/components/esp_wifi/lib/esp32c3/libpp.a(trc.o)",".dram0.data"
".data.rcP2P11NSchedTbl","1070131180","120","120","<IDF>/components/esp_wifi/lib/esp32c3/libpp.a(trc.o)",".dram0.data"
".data.trc_ctl","1070131300","28","28","<IDF>/components/esp_wifi/lib/esp32c3/libpp.a(trc.o)",".dram0.data"
".data.BcnInterval","1070131328","4","4","<IDF>/components/esp_wifi/lib/esp32c3/libpp.a(wdev.o)",".dram0.data"
".data.wDevCtrl","1070131332","56","56","<IDF>/components/esp_wifi/lib/esp32c3/libpp.a(wdev.o)",".dram0.data"
".data.g_pp_timer_info","1070131388","120","120","<IDF>/components/esp_wifi/lib/esp32c3/libpp.a(pp_timer.o)",".dram0.data"
".data.g_espnow_user_oui","1070131508","3","3","<IDF>/components/esp_wifi/lib/esp32c3/libespnow.a(manatick.o)",".dram0.data"
".dram1.2","1070131512","36","36","esp-idf/spi_flash/libspi_flash.a(esp_flash_spi_init.c.obj)",".dram0.data"
".dram1.1","1070131548","48","48","esp-idf/spi_flash/libspi_flash.a(esp_flash_spi_init.c.obj)",".dram0.data"
".dram1.7","1070131596","40","40","esp-idf/spi_flash/libspi_flash.a(spi_flash_os_func_app.c.obj)",".dram0.data"
".dram1.6","1070131636","20","20","esp-idf/spi_flash/libspi_flash.a(spi_flash_os_func_app.c.obj)",".dram0.data"
".dram1.2","1070131656","40","40","esp-idf/spi_flash/libspi_flash.a(spi_flash_os_func_noos.c.obj)",".dram0.data"
".dram1.5","1070131696","20","20","esp-idf/spi_flash/libspi_flash.a(spi_flash_chip_generic.c.obj)",".dram0.data"
".dram1.4","1070131716","24","24","esp-idf/spi_flash/libspi_flash.a(spi_flash_chip_generic.c.obj)",".dram0.data"
".dram1.3","1070131740","4","4","esp-idf/spi_flash/libspi_flash.a(spi_flash_chip_generic.c.obj)",".dram0.data"
".dram1.2","1070131744","4","4","esp-idf/spi_flash/libspi_flash.a(spi_flash_chip_generic.c.obj)",".dram0.data"
".dram1.1","1070131748","6","6","esp-idf/spi_flash/libspi_flash.a(spi_flash_chip_generic.c.obj)",".dram0.data"
".dram1.0","1070131756","6","6","esp-idf/spi_flash/libspi_flash.a(spi_flash_chip_generic.c.obj)",".dram0.data"
".dram1.0","1070131764","88","88","esp-idf/spi_flash/libspi_flash.a(memspi_host_driver.c.obj)",".dram0.data"
".dram1.0","1070131852","8","8","esp-idf/spi_flash/libspi_flash.a(flash_ops.c.obj)",".dram0.data"
".dram1.2","1070131860","4","4","esp-idf/spi_flash/libspi_flash.a(esp_flash_api.c.obj)",".dram0.data"
".dram1.1","1070131864","16","16","esp-idf/spi_flash/libspi_flash.a(esp_flash_api.c.obj)",".dram0.data"
".dram1.0","1070131880","4","4","esp-idf/esp_system/libesp_system.a(panic.c.obj)",".dram0.data"
".dram1.3","1070131884","4","4","esp-idf/esp_hw_support/libesp_hw_support.a(rtc_module.c.obj)",".dram0.data"
".dram1.2","1070131888","4","4","esp-idf/esp_hw_support/libesp_hw_support.a(rtc_module.c.obj)",".dram0.data"
".dram1.1","1070131892","4","4","esp-idf/esp_hw_support/libesp_hw_support.a(rtc_module.c.obj)",".dram0.data"
".dram1.0","1070131896","4","4","esp-idf/esp_hw_support/libesp_hw_support.a(rtc_module.c.obj)",".dram0.data"
".dram1.0","1070131900","16","16","esp-idf/freertos/libfreertos.a(tasks.c.obj)",".dram0.data"
".dram1.1","1070131916","12","12","esp-idf/mbedtls/mbedtls/tf-psa-crypto/core/libtfpsacrypto.a(sha.c.obj)",".dram0.data"
".dram1.0","1070131928","12","12","esp-idf/mbedtls/mbedtls/tf-psa-crypto/core/libtfpsacrypto.a(sha.c.obj)",".dram0.data"
".dram1.4","1070131940","16","16","esp-idf/mbedtls/mbedtls/tf-psa-crypto/core/libtfpsacrypto.a(esp_aes_dma_core.c.obj)",".dram0.data"
".dram1.3","1070131956","16","16","esp-idf/mbedtls/mbedtls/tf-psa-crypto/core/libtfpsacrypto.a(esp_aes_dma_core.c.obj)",".dram0.data"
".dram1.2","1070131972","12","12","esp-idf/mbedtls/mbedtls/tf-psa-crypto/core/libtfpsacrypto.a(esp_aes_dma_core.c.obj)",".dram0.data"
".dram1.1","1070131984","12","12","esp-idf/mbedtls/mbedtls/tf-psa-crypto/core/libtfpsacrypto.a(esp_aes_dma_core.c.obj)",".dram0.data"
".dram1.2","1070131996","1","1","<IDF>/components/esp_wifi/lib/esp32c3/libnet80211.a(ieee80211_mesh_quick.o)",".dram0.data"
".dram1.3","1070132000","4","4","<IDF>/components/esp_wifi/lib/esp32c3/libnet80211.a(ieee80211_mesh_quick.o)",".dram0.data"
".dram1.4","1070132004","1","1","<IDF>/components/esp_wifi/lib/esp32c3/libnet80211.a(ieee80211_mesh_quick.o)",".dram0.data"
".dram1.2","1070132005","1","1","<IDF>/components/esp_wifi/lib/esp32c3/libnet80211.a(wl_cnx.o)",".dram0.data"
".dram1.2","1070132008","33","33","<IDF>/components/esp_wifi/lib/esp32c3/libpp.a(pp.o)",".dram0.data"
".dram1.3","1070132044","160","160","<IDF>/components/esp_wifi/lib/esp32c3/libpp.a(pp.o)",".dram0.data"
".dram1.2","1070132204","144","144","<IDF>/components/esp_wifi/lib/esp32c3/libpp.a(esf_buf.o)",".dram0.data"
".dram1.2","1070132348","4","4","<IDF>/components/esp_wifi/lib/esp32c3/libpp.a(pp_debug.o)",".dram0.data"
".dram1.2","1070132352","4","4","<IDF>/components/esp_wifi/lib/esp32c3/libpp.a(wdev.o)",".dram0.data"
".dram1.40","1070132356","132","132","<IDF>/components/esp_wifi/lib/esp32c3/libpp.a(wdev.o)",".dram0.data"
".dram1.19","1070132488","4","4","<IDF>/components/esp_wifi/lib/esp32c3/libpp.a(pm_beacon_offset.o)",".dram0.data"
".dram1.0","1070132492","8","8","esp-idf/esp_phy/libesp_phy.a(phy_init.c.obj)",".dram0.data"
".dram1.0","1070132500","1","1","esp-idf/esp_phy/libesp_phy.a(phy_common.c.obj)",".dram0.data"
".rodata.ledc_hal_set_fade_param.str1.4","1070132501","0","57","esp-idf/esp_hal_ledc/libesp_hal_ledc.a(ledc_hal_iram.c.obj)",".dram0.data"
".rodata.__func__.0","1070132504","24","24","esp-idf/esp_hal_ledc/libesp_hal_ledc.a(ledc_hal_iram.c.obj)",".dram0.data"
".rodata.spi_flash_encryption_hal_prepare.str1.4","1070132528","0","138","esp-idf/esp_hal_mspi/libesp_hal_mspi.a(spi_flash_encrypt_hal_iram.c.obj)",".dram0.data"
".rodata.__func__.0","1070132528","36","36","esp-idf/esp_hal_mspi/libesp_hal_mspi.a(spi_flash_encrypt_hal_iram.c.obj)",".dram0.data"
".rodata.wdt_hal_config_stage.str1.4","1070132564","0","94","esp-idf/esp_hal_wdt/libesp_hal_wdt.a(wdt_hal_iram.c.obj)",".dram0.data"
".rodata.__func__.0","1070132564","21","21","esp-idf/esp_hal_wdt/libesp_hal_wdt.a(wdt_hal_iram.c.obj)",".dram0.data"
".rodata.str1.4","1070132585","0","76","esp-idf/esp_hw_support/libesp_hw_support.a(rtc_clk.c.obj)",".dram0.data"
".rodata.__func__.0","1070132588","23","23","esp-idf/esp_hw_support/libesp_hw_support.a(rtc_clk.c.obj)",".dram0.data"
".rodata.abort.str1.4","1070132611","0","38","esp-idf/esp_libc/libesp_libc.a(abort.c.obj)",".dram0.data"
".rodata.__assert_func.str1.4","1070132611","0","54","esp-idf/esp_libc/libesp_libc.a(assert.c.obj)",".dram0.data"
".rodata.esp_cache_freeze_caches_disable_interrupts.str1.4","1070132611","0","86","esp-idf/esp_mm/libesp_mm.a(esp_cache_utils.c.obj)",".dram0.data"
".rodata.__func__.0","1070132612","43","43","esp-idf/esp_mm/libesp_mm.a(esp_cache_utils.c.obj)",".dram0.data"
".rodata.esp_error_check_failed_print.str1.4","1070132655","0","92","esp-idf/esp_system/libesp_system.a(esp_err.c.obj)",".dram0.data"
".rodata._esp_error_check_failed_without_abort.str1.4","1070132655","0","30","esp-idf/esp_system/libesp_system.a(esp_err.c.obj)",".dram0.data"
".rodata._esp_error_check_failed.str1.4","1070132655","0","16","esp-idf/esp_system/libesp_system.a(esp_err.c.obj)",".dram0.data"
".rodata.cache_hal_disable.str1.4","1070132655","0","84","esp-idf/hal/libhal.a(cache_hal.c.obj)",".dram0.data"
".rodata.cache_hal_get_cache_line_size.str1.4","1070132655","0","35","esp-idf/hal/libhal.a(cache_hal.c.obj)",".dram0.data"
".rodata.__func__.0","1070132656","30","30","esp-idf/hal/libhal.a(cache_hal.c.obj)",".dram0.data"
".rodata.__func__.1","1070132688","19","19","esp-idf/hal/libhal.a(cache_hal.c.obj)",".dram0.data"
".rodata.__func__.2","1070132708","17","17","esp-idf/hal/libhal.a(cache_hal.c.obj)",".dram0.data"
".rodata.__func__.3","1070132728","17","17","esp-idf/hal/libhal.a(cache_hal.c.obj)",".dram0.data"
".rodata.__func__.4","1070132748","18","18","esp-idf/hal/libhal.a(cache_hal.c.obj)",".dram0.data"
".rodata.mmu_hal_init.str1.4","1070132766","0","73","esp-idf/hal/libhal.a(mmu_hal.c.obj)",".dram0.data"
".rodata.mmu_hal_map_region.str1.4","1070132766","0","276","esp-idf/hal/libhal.a(mmu_hal.c.obj)",".dram0.data"
".rodata.mmu_hal_vaddr_to_paddr.str1.4","1070132766","0","95","esp-idf/hal/libhal.a(mmu_hal.c.obj)",".dram0.data"
".rodata.mmu_hal_paddr_to_vaddr.str1.4","1070132766","0","50","esp-idf/hal/libhal.a(mmu_hal.c.obj)",".dram0.data"
".rodata.__func__.0","1070132768","23","23","esp-idf/hal/libhal.a(mmu_hal.c.obj)",".dram0.data"
".rodata.__func__.4","1070132792","23","23","esp-idf/hal/libhal.a(mmu_hal.c.obj)",".dram0.data"
".rodata.__func__.5","1070132816","21","21","esp-idf/hal/libhal.a(mmu_hal.c.obj)",".dram0.data"
".rodata.__func__.6","1070132840","19","19","esp-idf/hal/libhal.a(mmu_hal.c.obj)",".dram0.data"
".rodata.__func__.7","1070132860","19","19","esp-idf/hal/libhal.a(mmu_hal.c.obj)",".dram0.data"
".rodata.systimer_hal_set_alarm_period.str1.4","1070132879","0","74","esp-idf/hal/libhal.a(systimer_hal.c.obj)",".dram0.data"
".rodata.__func__.0","1070132880","29","29","esp-idf/hal/libhal.a(systimer_hal.c.obj)",".dram0.data"
".rodata.assert_valid_block.str1.4","1070132909","0","50","esp-idf/heap/libheap.a(multi_heap.c.obj)",".dram0.data"
".rodata.multi_heap_get_first_block.str1.4","1070132909","0","13","esp-idf/heap/libheap.a(multi_heap.c.obj)",".dram0.data"
".rodata.tlsf_free.str1.4","1070132909","0","272","esp-idf/heap/libheap.a(tlsf.c.obj)",".dram0.data"
".rodata.tlsf_malloc.str1.4","1070132909","0","487","esp-idf/heap/libheap.a(tlsf.c.obj)",".dram0.data"
".rodata.tlsf_memalign_offs.str1.4","1070132909","0","43","esp-idf/heap/libheap.a(tlsf.c.obj)",".dram0.data"
".rodata","1070132912","8","8","<IDF>/components/esp_phy/lib/esp32c3/libphy.a(phy_init.o)",".dram0.data"
".rodata.freq_i2c_write_set","1070132920","36","36","<IDF>/components/esp_phy/lib/esp32c3/libphy.a(phy_hw_freq.o)",".dram0.data"
".rodata.freq_get_i2c_data","1070132956","40","40","<IDF>/components/esp_phy/lib/esp32c3/libphy.a(phy_hw_freq.o)",".dram0.data"
".rodata.str1.4","1070132996","0","18","<IDF>/components/esp_phy/lib/esp32c3/libphy.a(phy_hw_freq.o)",".dram0.data"
".rodata.set_pbus_mem","1070132996","40","40","<IDF>/components/esp_phy/lib/esp32c3/libphy.a(phy_pbus.o)",".dram0.data"
".rodata","1070133036","68","68","<IDF>/components/esp_phy/lib/esp32c3/libphy.a(phy_pbus.o)",".dram0.data"
".rodata","1070133104","8","8","<IDF>/components/esp_phy/lib/esp32c3/libphy.a(phy_rfpll.o)",".dram0.data"
".rodata.CSWTCH.51","1070133112","3","3","<IDF>/components/esp_phy/lib/esp32c3/libphy.a(phy_rfpll.o)",".dram0.data"
".rodata.ram2_rfpll_cap_correct.str1.4","1070133115","0","19","<IDF>/components/esp_phy/lib/esp32c3/libphy.a(phy_rfpll.o)",".dram0.data"
".rodata.wait_rfpll_cal_end.str1.4","1070133115","0","31","<IDF>/components/esp_phy/lib/esp32c3/libphy.a(phy_rfpll.o)",".dram0.data"
".rodata.phy_tsens_attribute","1070133116","30","30","<IDF>/components/esp_phy/lib/esp32c3/libphy.a(phy_tsens.o)",".dram0.data"
".rodata.CSWTCH.39","1070133148","3","3","<IDF>/components/esp_phy/lib/esp32c3/libphy.a(phy_analog_cal.o)",".dram0.data"
".rodata.rc_cal.cst8","1070133152","24","24","<IDF>/components/esp_phy/lib/esp32c3/libphy.a(phy_analog_cal.o)",".dram0.data"
".rodata","1070133176","83","83","<IDF>/components/esp_phy/lib/esp32c3/libphy.a(phy_rx_gain.o)",".dram0.data"
".rodata.gen_rx_gain_table.str1.4","1070133259","0","62","<IDF>/components/esp_phy/lib/esp32c3/libphy.a(phy_rx_gain.o)",".dram0.data"
".rodata.get_phy_version_str.str1.4","1070133259","0","48","<IDF>/components/esp_phy/lib/esp32c3/libphy.a(phy_debug.o)",".dram0.data"
".rodata","1070133260","104","104","<IDF>/components/esp_phy/lib/esp32c3/libphy.a(phy_tx_gain.o)",".dram0.data"
".rodata.rom1_bt_get_tx_gain_new.str1.4","1070133364","0","30","<IDF>/components/esp_phy/lib/esp32c3/libphy.a(phy_tx_gain.o)",".dram0.data"
".rodata.rom1_wifi_get_tx_gain.str1.4","1070133364","0","35","<IDF>/components/esp_phy/lib/esp32c3/libphy.a(phy_tx_gain.o)",".dram0.data"
".rodata","1070133364","8","8","<IDF>/components/esp_phy/lib/esp32c3/libphy.a(phy_rx_cal.o)",".dram0.data"
".rodata.dco_gain_coarse.4710","1070133372","6","6","<IDF>/components/esp_phy/lib/esp32c3/libphy.a(phy_rx_cal.o)",".dram0.data"
".rodata.get_rfcal_rxiq_data.str1.4","1070133378","0","10","<IDF>/components/esp_phy/lib/esp32c3/libphy.a(phy_rx_cal.o)",".dram0.data"
".rodata.pbus_rx_dco_cal.str1.4","1070133378","0","66","<IDF>/components/esp_phy/lib/esp32c3/libphy.a(phy_rx_cal.o)",".dram0.data"
".rodata.rxiq_get_mis.str1.4","1070133378","0","12","<IDF>/components/esp_phy/lib/esp32c3/libphy.a(phy_rx_cal.o)",".dram0.data"
".rodata.set_rx_gain_cal_iq.str1.4","1070133378","0","132","<IDF>/components/esp_phy/lib/esp32c3/libphy.a(phy_rx_cal.o)",".dram0.data"
".rodata.CSWTCH.164","1070133380","3","3","<IDF>/components/esp_phy/lib/esp32c3/libphy.a(phy_tx_cal.o)",".dram0.data"
".rodata.CSWTCH.165","1070133384","3","3","<IDF>/components/esp_phy/lib/esp32c3/libphy.a(phy_tx_cal.o)",".dram0.data"
".rodata.get_power_atten.str1.4","1070133387","0","30","<IDF>/components/esp_phy/lib/esp32c3/libphy.a(phy_tx_cal.o)",".dram0.data"
".rodata.rfcal_pwrctrl.str1.4","1070133387","0","60","<IDF>/components/esp_phy/lib/esp32c3/libphy.a(phy_tx_cal.o)",".dram0.data"
".rodata.rfcal_txcap.str1.4","1070133387","0","33","<IDF>/components/esp_phy/lib/esp32c3/libphy.a(phy_tx_cal.o)",".dram0.data"
".rodata.ram2_rfpll_cap_track.str1.4","1070133387","0","21","<IDF>/components/esp_phy/lib/esp32c3/libphy.a(phy_track.o)",".dram0.data"
".rodata.rfcal_track.str1.4","1070133387","0","16","<IDF>/components/esp_phy/lib/esp32c3/libphy.a(phy_track.o)",".dram0.data"
".rodata.rom1_txpwr_cal_track.str1.4","1070133387","0","29","<IDF>/components/esp_phy/lib/esp32c3/libphy.a(phy_track.o)",".dram0.data"
".rodata.rom2_ulp_code_track.str1.4","1070133387","0","20","<IDF>/components/esp_phy/lib/esp32c3/libphy.a(phy_track.o)",".dram0.data"
".rodata.memspi_host_erase_sector.str1.4","1070133387","0","76","esp-idf/spi_flash/libspi_flash.a(memspi_host_driver.c.obj)",".dram0.data"
".rodata.memspi_host_program_page.str1.4","1070133387","0","30","esp-idf/spi_flash/libspi_flash.a(memspi_host_driver.c.obj)",".dram0.data"
".rodata.__func__.0","1070133388","25","25","esp-idf/spi_flash/libspi_flash.a(memspi_host_driver.c.obj)",".dram0.data"
".rodata.__func__.1","1070133416","24","24","esp-idf/spi_flash/libspi_flash.a(memspi_host_driver.c.obj)",".dram0.data"
".rodata.__func__.2","1070133440","25","25","esp-idf/spi_flash/libspi_flash.a(memspi_host_driver.c.obj)",".dram0.data"
".rodata.esp_flash_gpspi_host","1070133468","88","88","esp-idf/spi_flash/libspi_flash.a(memspi_host_driver.c.obj)",".dram0.data"
".rodata.esp_flash_chip_boya","1070133556","124","124","esp-idf/spi_flash/libspi_flash.a(spi_flash_chip_boya.c.obj)",".dram0.data"
".srodata.chip_name","1070133680","5","5","esp-idf/spi_flash/libspi_flash.a(spi_flash_chip_boya.c.obj)",".dram0.data"
".rodata.esp_flash_chip_gd","1070133688","124","124","esp-idf/spi_flash/libspi_flash.a(spi_flash_chip_gd.c.obj)",".dram0.data"
".srodata.chip_name","1070133812","3","3","esp-idf/spi_flash/libspi_flash.a(spi_flash_chip_gd.c.obj)",".dram0.data"
".rodata.spi_flash_chip_generic_get_write_protect.str1.4","1070133815","0","76","esp-idf/spi_flash/libspi_flash.a(spi_flash_chip_generic.c.obj)",".dram0.data"
".rodata.__func__.0","1070133816","41","41","esp-idf/spi_flash/libspi_flash.a(spi_flash_chip_generic.c.obj)",".dram0.data"
".rodata.esp_flash_chip_generic","1070133860","124","124","esp-idf/spi_flash/libspi_flash.a(spi_flash_chip_generic.c.obj)",".dram0.data"
".srodata.chip_name","1070133984","8","8","esp-idf/spi_flash/libspi_flash.a(spi_flash_chip_generic.c.obj)",".dram0.data"
".rodata.esp_flash_chip_issi","1070133992","124","124","esp-idf/spi_flash/libspi_flash.a(spi_flash_chip_issi.c.obj)",".dram0.data"
".srodata.chip_name","1070134116","5","5","esp-idf/spi_flash/libspi_flash.a(spi_flash_chip_issi.c.obj)",".dram0.data"
".rodata.esp_flash_chip_mxic","1070134124","124","124","esp-idf/spi_flash/libspi_flash.a(spi_flash_chip_mxic.c.obj)",".dram0.data"
".srodata.chip_name","1070134248","5","5","esp-idf/spi_flash/libspi_flash.a(spi_flash_chip_mxic.c.obj)",".dram0.data"
".rodata.esp_flash_chip_th","1070134256","124","124","esp-idf/spi_flash/libspi_flash.a(spi_flash_chip_th.c.obj)",".dram0.data"
".srodata.chip_name","1070134380","3","3","esp-idf/spi_flash/libspi_flash.a(spi_flash_chip_th.c.obj)",".dram0.data"
".rodata.esp_flash_chip_winbond","1070134384","124","124","esp-idf/spi_flash/libspi_flash.a(spi_flash_chip_winbond.c.obj)",".dram0.data"
".srodata.chip_name","1070134508","8","8","esp-idf/spi_flash/libspi_flash.a(spi_flash_chip_winbond.c.obj)",".dram0.data"
".rodata.spi_flash_os_check_yield.str1.4","1070134516","3212","71","esp-idf/spi_flash/libspi_flash.a(spi_flash_os_func_app.c.obj)",".dram0.data"
".bss.app_elf_sha256_str","1070137728","10","10","esp-idf/esp_app_format/libesp_app_format.a(esp_app_desc.c.obj)",".dram0.bss"
".bss.shutdown_handlers","1070137740","20","20","esp-idf/esp_system/libesp_system.a(esp_system.c.obj)",".dram0.bss"
".bss.ref_counts","1070137760","10","10","esp-idf/esp_hw_support/libesp_hw_support.a(periph_ctrl.c.obj)",".dram0.bss"
".bss.s_pll_src_cg_ref_cnt","1070137772","22","22","esp-idf/esp_hw_support/libesp_hw_support.a(esp_clk_tree.c.obj)",".dram0.bss"
".bss.s_dslp_phy_cb","1070137796","12","12","esp-idf/esp_hw_support/libesp_hw_support.a(sleep_modes.c.obj)",".dram0.bss"
".bss.xSuspendedTaskList","1070137808","20","20","esp-idf/freertos/libfreertos.a(tasks.c.obj)",".dram0.bss"
".bss.xTasksWaitingTermination","1070137828","20","20","esp-idf/freertos/libfreertos.a(tasks.c.obj)",".dram0.bss"
".bss.xPendingReadyList","1070137848","20","20","esp-idf/freertos/libfreertos.a(tasks.c.obj)",".dram0.bss"
".bss.xDelayedTaskList2","1070137868","20","20","esp-idf/freertos/libfreertos.a(tasks.c.obj)",".dram0.bss"
".bss.xDelayedTaskList1","1070137888","20","20","esp-idf/freertos/libfreertos.a(tasks.c.obj)",".dram0.bss"
".bss.pxReadyTasksLists","1070137908","500","500","esp-idf/freertos/libfreertos.a(tasks.c.obj)",".dram0.bss"
".bss.xIsrStack","1070138416","1536","1536","esp-idf/freertos/libfreertos.a(port.c.obj)",".dram0.bss"
".bss.systimer_hal.1","1070139952","12","12","esp-idf/freertos/libfreertos.a(port_systick.c.obj)",".dram0.bss"
".bss.s_common_recursive_mutex","1070139964","84","84","esp-idf/esp_libc/libesp_libc.a(locks.c.obj)",".dram0.bss"
".bss.s_common_mutex","1070140048","84","84","esp-idf/esp_libc/libesp_libc.a(locks.c.obj)",".dram0.bss"
".bss.__lock___libc_recursive_mutex","1070140132","84","84","esp-idf/esp_libc/libesp_libc.a(locks.c.obj)",".dram0.bss"
".bss.read_buf","1070140216","128","128","esp-idf/esp_libc/libesp_libc.a(picolibc_init.c.obj)",".dram0.bss"
".bss.write_buf","1070140344","128","128","esp-idf/esp_libc/libesp_libc.a(picolibc_init.c.obj)",".dram0.bss"
".bss.systimer_hal","1070140472","12","12","esp-idf/esp_timer/libesp_timer.a(esp_timer_impl_systimer.c.obj)",".dram0.bss"
".bss._ZL13s_nvs_handles","1070140484","12","12","esp-idf/nvs_flash/libnvs_flash.a(nvs_api.cpp.obj)",".dram0.bss"
".bss.s_vfs","1070140496","32","32","esp-idf/vfs/libvfs.a(vfs.c.obj)",".dram0.bss"
".bss.s_display","1070140528","368","368","esp-idf/main/libmain.a(app_main.c.obj)",".dram0.bss"
".bss.s_state","1070140896","440","440","esp-idf/main/libmain.a(app_main.c.obj)",".dram0.bss"
".bss.s_icy_metadata","1070141336","4081","4081","esp-idf/main/libmain.a(audio_service.c.obj)",".dram0.bss"
".bss.s_last_url","1070145420","512","512","esp-idf/main/libmain.a(audio_service.c.obj)",".dram0.bss"
".bss.s_credentials","1070145932","920","920","esp-idf/main/libmain.a(network_service.c.obj)",".dram0.bss"
".bss.s_station_config","1070146852","184","184","esp-idf/main/libmain.a(network_service.c.obj)",".dram0.bss"
".bss.s_candidate_url","1070147036","512","512","esp-idf/main/libmain.a(radio_control.c.obj)",".dram0.bss"
".bss.s_candidate_name","1070147548","144","144","esp-idf/main/libmain.a(radio_control.c.obj)",".dram0.bss"
".bss.s_playlist_line","1070147692","768","768","esp-idf/main/libmain.a(radio_control.c.obj)",".dram0.bss"
".bss.s_current_url","1070148460","512","512","esp-idf/main/libmain.a(radio_control.c.obj)",".dram0.bss"
".bss.s_current_status_key","1070148972","428","428","esp-idf/main/libmain.a(websocket_service.c.obj)",".dram0.bss"
".bss.s_previous_status_key","1070149400","428","428","esp-idf/main/libmain.a(websocket_service.c.obj)",".dram0.bss"
".bss.s_broadcast_current","1070149828","48","48","esp-idf/main/libmain.a(websocket_service.c.obj)",".dram0.bss"
".bss.s_broadcast_status","1070149876","1280","1280","esp-idf/main/libmain.a(websocket_service.c.obj)",".dram0.bss"
".bss.s_normalizer_config","1070151156","12","12","esp-idf/main/libmain.a(native_audio_output.c.obj)",".dram0.bss"
".bss.s_frame_buffer","1070151168","2048","2048","esp-idf/main/libmain.a(native_audio_output.c.obj)",".dram0.bss"
".bss.s_i2c_platform","1070153216","12","12","esp-idf/esp_driver_i2c/libesp_driver_i2c.a(i2c_common.c.obj)",".dram0.bss"
".bss._efs","1070153228","12","12","esp-idf/spiffs/libspiffs.a(esp_spiffs.c.obj)",".dram0.bss"
".bss.s_ledc_fade_rec","1070153240","24","24","esp-idf/esp_driver_ledc/libesp_driver_ledc.a(ledc.c.obj)",".dram0.bss"
".bss._ZN12_GLOBAL__N_1L5coefsE","1070153264","128","128","esp-idf/custom_flac/libcustom_flac.a(flac_decoder.cpp.obj)",".dram0.bss"
".bss._ZN12_GLOBAL__N_1L13samplesBufferE","1070153392","64","64","esp-idf/custom_flac/libcustom_flac.a(flac_decoder.cpp.obj)",".dram0.bss"
".bss._ZN12_GLOBAL__N_1L20metadataBlockStorageE","1070153456","40","40","esp-idf/custom_flac/libcustom_flac.a(flac_decoder.cpp.obj)",".dram0.bss"
".bss._ZN12_GLOBAL__N_1L18frameHeaderStorageE","1070153496","16","16","esp-idf/custom_flac/libcustom_flac.a(flac_decoder.cpp.obj)",".dram0.bss"
".bss.s_intr_handlers","1070153512","256","256","esp-idf/riscv/libriscv.a(interrupt.c.obj)",".dram0.bss"
".bss.s_mmu_ctx","1070153768","48","48","esp-idf/esp_mm/libesp_mm.a(esp_mmu_map.c.obj)",".dram0.bss"
".bss.tick_cb","1070153816","32","32","esp-idf/esp_system/libesp_system.a(freertos_hooks.c.obj)",".dram0.bss"
".bss.idle_cb","1070153848","32","32","esp-idf/esp_system/libesp_system.a(freertos_hooks.c.obj)",".dram0.bss"
".bss.init_context","1070153880","12","12","esp-idf/esp_system/libesp_system.a(task_wdt_impl_timergroup.c.obj)",".dram0.bss"
".bss.s_adc_cali_param","1070153892","32","32","esp-idf/esp_hw_support/libesp_hw_support.a(adc_share_hw_ctrl.c.obj)",".dram0.bss"
".bss.sockets","1070153924","200","200","esp-idf/lwip/liblwip.a(sockets.c.obj)",".dram0.bss"
".bss.socket_ipv4_multicast_memberships","1070154124","120","120","esp-idf/lwip/liblwip.a(sockets.c.obj)",".dram0.bss"
".bss.sntp_servers","1070154244","24","24","esp-idf/lwip/liblwip.a(sntp.c.obj)",".dram0.bss"
".bss.dns_servers","1070154268","12","12","esp-idf/lwip/liblwip.a(dns.c.obj)",".dram0.bss"
".bss.dns_requests","1070154280","48","48","esp-idf/lwip/liblwip.a(dns.c.obj)",".dram0.bss"
".bss.dns_table","1070154328","1104","1104","esp-idf/lwip/liblwip.a(dns.c.obj)",".dram0.bss"
".bss.dns_pcbs","1070155440","16","16","esp-idf/lwip/liblwip.a(dns.c.obj)",".dram0.bss"
".bss.loop_netif","1070155456","84","84","esp-idf/lwip/liblwip.a(netif.c.obj)",".dram0.bss"
".bss.inseg","1070155540","16","16","esp-idf/lwip/liblwip.a(tcp_in.c.obj)",".dram0.bss"
".bss.dhcp_rx_options_given","1070155556","11","11","esp-idf/lwip/liblwip.a(dhcp.c.obj)",".dram0.bss"
".bss.dhcp_rx_options_val","1070155568","44","44","esp-idf/lwip/liblwip.a(dhcp.c.obj)",".dram0.bss"
".bss.arp_table","1070155612","240","240","esp-idf/lwip/liblwip.a(etharp.c.obj)",".dram0.bss"
".bss.input","1070155852","64","64","esp-idf/lwip/liblwip.a(tcp_isn_default.c.obj)",".dram0.bss"
".bss.ip_data","1070155916","24","24","esp-idf/lwip/liblwip.a(ip.c.obj)",".dram0.bss"
".bss.api_lock_sem","1070155940","84","84","esp-idf/esp_netif/libesp_netif.a(esp_netif_lwip.c.obj)",".dram0.bss"
".bss.api_sync_sem","1070156024","84","84","esp-idf/esp_netif/libesp_netif.a(esp_netif_lwip.c.obj)",".dram0.bss"
".bss.s_wifi_netifs","1070156108","12","12","esp-idf/esp_wifi/libesp_wifi.a(wifi_default.c.obj)",".dram0.bss"
".bss.s_wifi_netifs","1070156120","12","12","esp-idf/esp_wifi/libesp_wifi.a(wifi_netif.c.obj)",".dram0.bss"
".bss.s_wifi_rxcbs","1070156132","12","12","esp-idf/esp_wifi/libesp_wifi.a(wifi_netif.c.obj)",".dram0.bss"
".bss.supported_ciphersuites","1070156144","68","68","esp-idf/mbedtls/mbedtls/library/libmbedtls.a(ssl_ciphersuites.c.obj)",".dram0.bss"
".bss.global_data","1070156212","12","12","esp-idf/mbedtls/mbedtls/tf-psa-crypto/core/libtfpsacrypto.a(psa_crypto.c.obj)",".dram0.bss"
".bss.global_data","1070156224","184","184","esp-idf/mbedtls/mbedtls/tf-psa-crypto/core/libtfpsacrypto.a(psa_crypto_slot_management.c.obj)",".dram0.bss"
".bss.op_sem_buf.1","1070156408","84","84","esp-idf/mbedtls/mbedtls/tf-psa-crypto/core/libtfpsacrypto.a(esp_bignum.c.obj)",".dram0.bss"
".bss.ecp_supported_grp_id","1070156492","40","40","esp-idf/mbedtls/mbedtls/tf-psa-crypto/core/libtfpsacrypto.a(ecp.c.obj)",".dram0.bss"
".bss.op_sem_buf.2","1070156532","84","84","esp-idf/mbedtls/mbedtls/tf-psa-crypto/core/libtfpsacrypto.a(esp_aes_dma_core.c.obj)",".dram0.bss"
".bss.chip7_phy_init_ctrl","1070156616","42","42","<IDF>/components/esp_phy/lib/esp32c3/libphy.a(phy_init.o)",".dram0.bss"
".bss.g_phyFuns","1070156660","4","4","<IDF>/components/esp_phy/lib/esp32c3/libphy.a(phy_init.o)",".dram0.bss"
".bss.new_rom.4632","1070156664","1","1","<IDF>/components/esp_phy/lib/esp32c3/libphy.a(phy_init.o)",".dram0.bss"
".bss.phy_version_str","1070156668","40","40","<IDF>/components/esp_phy/lib/esp32c3/libphy.a(phy_debug.o)",".dram0.bss"
".bss.len_dh_ie","1070156708","1","1","<IDF>/components/esp_wifi/lib/esp32c3/libnet80211.a(ieee80211_output.o)",".dram0.bss"
".bss.s_netstack_ref","1070156712","4","4","<IDF>/components/esp_wifi/lib/esp32c3/libnet80211.a(ieee80211_output.o)",".dram0.bss"
".bss.s_tx_cacheq","1070156716","8","8","<IDF>/components/esp_wifi/lib/esp32c3/libnet80211.a(ieee80211_output.o)",".dram0.bss"
".bss.BcnIntvl","1070156724","4","4","<IDF>/components/esp_wifi/lib/esp32c3/libnet80211.a(ieee80211_hostap.o)",".dram0.bss"
".bss.ap_rxcb","1070156728","4","4","<IDF>/components/esp_wifi/lib/esp32c3/libnet80211.a(ieee80211_hostap.o)",".dram0.bss"
".bss.beacon_send_start_flag","1070156732","1","1","<IDF>/components/esp_wifi/lib/esp32c3/libnet80211.a(ieee80211_hostap.o)",".dram0.bss"
".bss.beacon_timer","1070156736","20","20","<IDF>/components/esp_wifi/lib/esp32c3/libnet80211.a(ieee80211_hostap.o)",".dram0.bss"
".bss.g_beacon_dtim_send_mc","1070156756","1","1","<IDF>/components/esp_wifi/lib/esp32c3/libnet80211.a(ieee80211_hostap.o)",".dram0.bss"
".bss.g_beacon_eb","1070156760","8","8","<IDF>/components/esp_wifi/lib/esp32c3/libnet80211.a(ieee80211_hostap.o)",".dram0.bss"
".bss.g_beacon_eb_allocated","1070156768","1","1","<IDF>/components/esp_wifi/lib/esp32c3/libnet80211.a(ieee80211_hostap.o)",".dram0.bss"
".bss.g_beacon_idx","1070156769","1","1","<IDF>/components/esp_wifi/lib/esp32c3/libnet80211.a(ieee80211_hostap.o)",".dram0.bss"
".bss.g_deauth_mac_list","1070156772","12","12","<IDF>/components/esp_wifi/lib/esp32c3/libnet80211.a(ieee80211_hostap.o)",".dram0.bss"
".bss.g_sa_query_mac_list","1070156784","12","12","<IDF>/components/esp_wifi/lib/esp32c3/libnet80211.a(ieee80211_hostap.o)",".dram0.bss"
".bss.tim_offset","1070156796","1","1","<IDF>/components/esp_wifi/lib/esp32c3/libnet80211.a(ieee80211_hostap.o)",".dram0.bss"
".bss.esp_mesh_quick_funcs","1070156800","176","176","<IDF>/components/esp_wifi/lib/esp32c3/libnet80211.a(ieee80211_mesh_quick.o)",".dram0.bss"
".bss.g_mesh_topology","1070156976","4","4","<IDF>/components/esp_wifi/lib/esp32c3/libnet80211.a(ieee80211_mesh_quick.o)",".dram0.bss"
".bss.gChmCxt","1070156980","592","592","<IDF>/components/esp_wifi/lib/esp32c3/libnet80211.a(wl_chm.o)",".dram0.bss"
".bss.g_offchan_ctx","1070157572","28","28","<IDF>/components/esp_wifi/lib/esp32c3/libnet80211.a(wl_offchan.o)",".dram0.bss"
".bss.g_offchan_packet_lifetime","1070157600","4","4","<IDF>/components/esp_wifi/lib/esp32c3/libnet80211.a(wl_offchan.o)",".dram0.bss"
".bss.g_hmac_cnt","1070157604","64","64","<IDF>/components/esp_wifi/lib/esp32c3/libnet80211.a(ieee80211_debug.o)",".dram0.bss"
".bss.tokens.1","1070157668","4","4","<IDF>/components/esp_wifi/lib/esp32c3/libnet80211.a(ieee80211_ht.o)",".dram0.bss"
".bss.g_wifi_nvs_cfg","1070157672","4","4","<IDF>/components/esp_wifi/lib/esp32c3/libnet80211.a(ieee80211_nvs.o)",".dram0.bss"
".bss.s_wifi_nvs","1070157676","1316","1316","<IDF>/components/esp_wifi/lib/esp32c3/libnet80211.a(ieee80211_nvs.o)",".dram0.bss"
".bss.s_ap_igtk","1070158992","80","80","<IDF>/components/esp_wifi/lib/esp32c3/libnet80211.a(ieee80211_supplicant.o)",".dram0.bss"
".bss.s_sta_igtk","1070159072","80","80","<IDF>/components/esp_wifi/lib/esp32c3/libnet80211.a(ieee80211_supplicant.o)",".dram0.bss"
".bss.g_mac_sleep_en","1070159152","1","1","<IDF>/components/esp_wifi/lib/esp32c3/libnet80211.a(ieee80211_ioctl.o)",".dram0.bss"
".bss.g_wifi_menuconfig","1070159160","104","104","<IDF>/components/esp_wifi/lib/esp32c3/libnet80211.a(ieee80211_ioctl.o)",".dram0.bss"
".bss.mac_list_lock","1070159264","4","4","<IDF>/components/esp_wifi/lib/esp32c3/libnet80211.a(ieee80211_ioctl.o)",".dram0.bss"
".bss.offchan_tx_progress_in","1070159268","1","1","<IDF>/components/esp_wifi/lib/esp32c3/libnet80211.a(ieee80211_ioctl.o)",".dram0.bss"
".bss.overwrite_save_ap_id.0","1070159269","1","1","<IDF>/components/esp_wifi/lib/esp32c3/libnet80211.a(ieee80211_ioctl.o)",".dram0.bss"
".bss.s_wifi_task_hdl","1070159272","4","4","<IDF>/components/esp_wifi/lib/esp32c3/libnet80211.a(ieee80211_ioctl.o)",".dram0.bss"
".bss.s_wpa2_start","1070159276","1","1","<IDF>/components/esp_wifi/lib/esp32c3/libnet80211.a(ieee80211_ioctl.o)",".dram0.bss"
".bss.s_wps_start","1070159277","1","1","<IDF>/components/esp_wifi/lib/esp32c3/libnet80211.a(ieee80211_ioctl.o)",".dram0.bss"
".bss.ftm_resp_ctx","1070159280","12","12","<IDF>/components/esp_wifi/lib/esp32c3/libnet80211.a(ieee80211_ftm.o)",".dram0.bss"
".bss.s_net80211_data_init","1070159292","1","1","<IDF>/components/esp_wifi/lib/esp32c3/libnet80211.a(ieee80211_api.o)",".dram0.bss"
".bss.s_wifi_api_lock","1070159296","4","4","<IDF>/components/esp_wifi/lib/esp32c3/libnet80211.a(ieee80211_api.o)",".dram0.bss"
".bss.s_wifi_stop_in_progress","1070159300","1","1","<IDF>/components/esp_wifi/lib/esp32c3/libnet80211.a(ieee80211_api.o)",".dram0.bss"
".bss.ap_no_lr","1070159301","1","1","<IDF>/components/esp_wifi/lib/esp32c3/libnet80211.a(wl_cnx.o)",".dram0.bss"
".bss.cnx_csa_timer","1070159304","20","20","<IDF>/components/esp_wifi/lib/esp32c3/libnet80211.a(wl_cnx.o)",".dram0.bss"
".bss.g_authmode_incompatible","1070159324","1","1","<IDF>/components/esp_wifi/lib/esp32c3/libnet80211.a(wl_cnx.o)",".dram0.bss"
".bss.g_authmode_threshold_failure","1070159325","1","1","<IDF>/components/esp_wifi/lib/esp32c3/libnet80211.a(wl_cnx.o)",".dram0.bss"
".bss.g_cnxMgr","1070159328","3944","3944","<IDF>/components/esp_wifi/lib/esp32c3/libnet80211.a(wl_cnx.o)",".dram0.bss"
".bss.g_cnx_probe_rc_list_cb","1070163272","4","4","<IDF>/components/esp_wifi/lib/esp32c3/libnet80211.a(wl_cnx.o)",".dram0.bss"
".bss.g_in_blacklist_flag","1070163276","1","1","<IDF>/components/esp_wifi/lib/esp32c3/libnet80211.a(wl_cnx.o)",".dram0.bss"
".bss.g_in_blacklist_scanned_again","1070163277","1","1","<IDF>/components/esp_wifi/lib/esp32c3/libnet80211.a(wl_cnx.o)",".dram0.bss"
".bss.g_rssi_threshold_failure","1070163278","1","1","<IDF>/components/esp_wifi/lib/esp32c3/libnet80211.a(wl_cnx.o)",".dram0.bss"
".bss.is_connected_sync","1070163279","1","1","<IDF>/components/esp_wifi/lib/esp32c3/libnet80211.a(wl_cnx.o)",".dram0.bss"
".bss.s_csa_timer_bss","1070163280","4","4","<IDF>/components/esp_wifi/lib/esp32c3/libnet80211.a(wl_cnx.o)",".dram0.bss"
".bss.s_sta_last_start_txseq","1070163284","2","2","<IDF>/components/esp_wifi/lib/esp32c3/libnet80211.a(wl_cnx.o)",".dram0.bss"
".bss.sta_con_timer","1070163288","20","20","<IDF>/components/esp_wifi/lib/esp32c3/libnet80211.a(wl_cnx.o)",".dram0.bss"
".bss.avs_cb","1070163308","4","4","<IDF>/components/esp_wifi/lib/esp32c3/libnet80211.a(ieee80211_action_vendor.o)",".dram0.bss"
".bss.avs_rx_content","1070163312","4","4","<IDF>/components/esp_wifi/lib/esp32c3/libnet80211.a(ieee80211_action_vendor.o)",".dram0.bss"
".bss.get_key_cb","1070163316","4","4","<IDF>/components/esp_wifi/lib/esp32c3/libnet80211.a(ieee80211_action_vendor.o)",".dram0.bss"
".bss.in_rssi_adjust","1070163320","1","1","<IDF>/components/esp_wifi/lib/esp32c3/libnet80211.a(ieee80211_sta.o)",".dram0.bss"
".bss.rssi_index","1070163321","1","1","<IDF>/components/esp_wifi/lib/esp32c3/libnet80211.a(ieee80211_sta.o)",".dram0.bss"
".bss.rssi_saved","1070163324","8","8","<IDF>/components/esp_wifi/lib/esp32c3/libnet80211.a(ieee80211_sta.o)",".dram0.bss"
".bss.s_eapol_txdone_cb","1070163332","4","4","<IDF>/components/esp_wifi/lib/esp32c3/libnet80211.a(ieee80211_sta.o)",".dram0.bss"
".bss.send_wake_null_timer","1070163336","20","20","<IDF>/components/esp_wifi/lib/esp32c3/libnet80211.a(ieee80211_sta.o)",".dram0.bss"
".bss.sta_csa_timer","1070163356","20","20","<IDF>/components/esp_wifi/lib/esp32c3/libnet80211.a(ieee80211_sta.o)",".dram0.bss"
".bss.g_wifi_improve_contention_ability","1070163376","1","1","<IDF>/components/esp_wifi/lib/esp32c3/libnet80211.a(ieee80211_proto.o)",".dram0.bss"
".bss.g_ic","1070163380","700","700","<IDF>/components/esp_wifi/lib/esp32c3/libnet80211.a(ieee80211.o)",".dram0.bss"
".bss.wpa_crypto_funcs","1070164080","44","44","<IDF>/components/esp_wifi/lib/esp32c3/libnet80211.a(ieee80211_crypto.o)",".dram0.bss"
".bss.app_scan_params","1070164124","16","16","<IDF>/components/esp_wifi/lib/esp32c3/libnet80211.a(ieee80211_scan.o)",".dram0.bss"
".bss.connect_scan_flag","1070164140","1","1","<IDF>/components/esp_wifi/lib/esp32c3/libnet80211.a(ieee80211_scan.o)",".dram0.bss"
".bss.gScanStruct","1070164144","284","284","<IDF>/components/esp_wifi/lib/esp32c3/libnet80211.a(ieee80211_scan.o)",".dram0.bss"
".bss.passive_scan_send_probereq","1070164428","8","8","<IDF>/components/esp_wifi/lib/esp32c3/libnet80211.a(ieee80211_scan.o)",".dram0.bss"
".bss.s_ch.0","1070164436","2","2","<IDF>/components/esp_wifi/lib/esp32c3/libnet80211.a(ieee80211_scan.o)",".dram0.bss"
".bss.s_owe_scan_flag","1070164440","4","4","<IDF>/components/esp_wifi/lib/esp32c3/libnet80211.a(ieee80211_scan.o)",".dram0.bss"
".bss.scannum","1070164444","2","2","<IDF>/components/esp_wifi/lib/esp32c3/libnet80211.a(ieee80211_scan.o)",".dram0.bss"
".bss.beacon_monitor_data.0","1070164448","20","20","<IDF>/components/esp_wifi/lib/esp32c3/libpp.a(pm.o)",".dram0.bss"
".bss.beacon_monitor_tbtt_time.1","1070164472","8","8","<IDF>/components/esp_wifi/lib/esp32c3/libpp.a(pm.o)",".dram0.bss"
".bss.g_offchan_ready_cb","1070164480","4","4","<IDF>/components/esp_wifi/lib/esp32c3/libpp.a(pm.o)",".dram0.bss"
".bss.g_offchan_ready_ctx","1070164484","4","4","<IDF>/components/esp_wifi/lib/esp32c3/libpp.a(pm.o)",".dram0.bss"
".bss.g_pm","1070164488","544","544","<IDF>/components/esp_wifi/lib/esp32c3/libpp.a(pm.o)",".dram0.bss"
".bss.g_pm_tx_null_func","1070165032","4","4","<IDF>/components/esp_wifi/lib/esp32c3/libpp.a(pm.o)",".dram0.bss"
".bss.if_ctrl","1070165036","40","40","<IDF>/components/esp_wifi/lib/esp32c3/libpp.a(if_hwctrl.o)",".dram0.bss"
".bss.s_is_6m","1070165076","1","1","<IDF>/components/esp_wifi/lib/esp32c3/libpp.a(if_hwctrl.o)",".dram0.bss"
".bss.is_easy_fragment","1070165077","1","1","<IDF>/components/esp_wifi/lib/esp32c3/libpp.a(pp.o)",".dram0.bss"
".bss.s_fragment","1070165080","16","16","<IDF>/components/esp_wifi/lib/esp32c3/libpp.a(pp.o)",".dram0.bss"
".bss.eb_space","1070165096","192","192","<IDF>/components/esp_wifi/lib/esp32c3/libpp.a(esf_buf.o)",".dram0.bss"
".bss.s_fix_rate","1070165288","8","8","<IDF>/components/esp_wifi/lib/esp32c3/libpp.a(trc.o)",".dram0.bss"
".bss.s_fix_rate_mask","1070165296","4","4","<IDF>/components/esp_wifi/lib/esp32c3/libpp.a(trc.o)",".dram0.bss"
".bss.g_lmac_cnt","1070165300","192","192","<IDF>/components/esp_wifi/lib/esp32c3/libpp.a(pp_debug.o)",".dram0.bss"
".bss.g_pm_cnt","1070165496","72","72","<IDF>/components/esp_wifi/lib/esp32c3/libpp.a(pp_debug.o)",".dram0.bss"
".bss.BcnSendTick","1070165568","4","4","<IDF>/components/esp_wifi/lib/esp32c3/libpp.a(wdev.o)",".dram0.bss"
".bss.g_wdev_csi_rx","1070165572","4","4","<IDF>/components/esp_wifi/lib/esp32c3/libpp.a(wdev.o)",".dram0.bss"
".bss.g_wdev_csi_rx_ctx","1070165576","4","4","<IDF>/components/esp_wifi/lib/esp32c3/libpp.a(wdev.o)",".dram0.bss"
".bss.g_wdev_record_t1t4_cb","1070165580","4","4","<IDF>/components/esp_wifi/lib/esp32c3/libpp.a(wdev.o)",".dram0.bss"
".bss.g_wdev_record_t2t3_cb","1070165584","4","4","<IDF>/components/esp_wifi/lib/esp32c3/libpp.a(wdev.o)",".dram0.bss"
".bss.g_wdev_set_t1t4_cb","1070165588","4","4","<IDF>/components/esp_wifi/lib/esp32c3/libpp.a(wdev.o)",".dram0.bss"
".bss.wDevMacSleep","1070165592","116","116","<IDF>/components/esp_wifi/lib/esp32c3/libpp.a(wdev.o)",".dram0.bss"
".bss.s_tbttstart","1070165712","8","8","<IDF>/components/esp_wifi/lib/esp32c3/libpp.a(hal_tsf.o)",".dram0.bss"
".bss.s_timer_post","1070165720","4","4","<IDF>/components/esp_wifi/lib/esp32c3/libpp.a(pp_timer.o)",".dram0.bss"
".bss.s_log_cache","1070165724","248","248","esp-idf/log/liblog.a(log_binary_heap.c.obj)",".dram0.bss"
".bss.s_phy_ant_config","1070165972","16","16","esp-idf/esp_phy/libesp_phy.a(phy_common.c.obj)",".dram0.bss"
".bss.g_wpa_supp","1070165992","144","144","esp-idf/wpa_supplicant/libwpa_supplicant.a(esp_common.c.obj)",".dram0.bss"
".bss.eloop","1070166136","36","36","esp-idf/wpa_supplicant/libwpa_supplicant.a(eloop.c.obj)",".dram0.bss"
".bss.s_sm_table","1070166172","64","64","esp-idf/wpa_supplicant/libwpa_supplicant.a(wpa_auth.c.obj)",".dram0.bss"
".bss.assoc_ie_buf","1070166236","48","48","esp-idf/wpa_supplicant/libwpa_supplicant.a(wpa.c.obj)",".dram0.bss"
".bss.gWpaSm","1070166284","816","816","esp-idf/wpa_supplicant/libwpa_supplicant.a(wpa.c.obj)",".dram0.bss"
".bss.g_log_level","1070167100","4","4","<IDF>/components/esp_wifi/lib/esp32c3/libcore.a(misc_nvs.o)",".dram0.bss"
".bss.g_misc_nvs","1070167104","4","4","<IDF>/components/esp_wifi/lib/esp32c3/libcore.a(misc_nvs.o)",".dram0.bss"
".bss.g_misc_nvs_init","1070167108","1","1","<IDF>/components/esp_wifi/lib/esp32c3/libcore.a(misc_nvs.o)",".dram0.bss"
".bss.s_sta_cnx_times","1070167112","4","4","<IDF>/components/esp_wifi/lib/esp32c3/libmesh.a(mesh_parent.o)",".dram0.bss"
".bss","1070167116","24","24","<DEPENDENCIES>/tools-v6.0.2/tools/riscv32-esp-elf/esp-15.2.0_20251204/riscv32-esp-elf/bin/../riscv32-esp-elf/../picolibc/riscv32-esp-elf/lib/rv32imc_zicsr_zifencei/ilp32/no-rtti/libc.a(libc_time_tzset.c.o)",".dram0.bss"
".bss","1070167144","88","88","<DEPENDENCIES>/tools-v6.0.2/tools/riscv32-esp-elf/esp-15.2.0_20251204/riscv32-esp-elf/bin/../riscv32-esp-elf/../picolibc/riscv32-esp-elf/lib/rv32imc_zicsr_zifencei/ilp32/no-rtti/libc.a(libc_time_gettzinfo.c.o)",".dram0.bss"
".sbss.s_open_count","1070167232","4","4","esp-idf/esp_stdio/libesp_stdio.a(stdio_vfs.c.obj)",".dram0.bss"
".sbss.vfs_console","1070167236","8","8","esp-idf/esp_stdio/libesp_stdio.a(stdio_vfs.c.obj)",".dram0.bss"
".sbss.s_burn_counter","1070167244","4","4","esp-idf/efuse/libefuse.a(esp_efuse_utility.c.obj)",".dram0.bss"
".sbss.esp_flash_default_chip","1070167248","4","4","esp-idf/spi_flash/libspi_flash.a(esp_flash_spi_init.c.obj)",".dram0.bss"
".sbss.flash_erasing","1070167252","1","1","esp-idf/spi_flash/libspi_flash.a(flash_brownout_hook.c.obj)",".dram0.bss"
".sbss.flash_brownout_needs_reset","1070167253","1","1","esp-idf/spi_flash/libspi_flash.a(flash_brownout_hook.c.obj)",".dram0.bss"
".sbss.s_flash_guard_ops","1070167256","4","4","esp-idf/spi_flash/libspi_flash.a(flash_ops.c.obj)",".dram0.bss"
".sbss.s_errno_array.0","1070167260","4","4","esp-idf/esp_system/libesp_system.a(cpu_start.c.obj)",".dram0.bss"
".sbss.g_panic_abort_details","1070167264","4","4","esp-idf/esp_system/libesp_system.a(panic.c.obj)",".dram0.bss"
".sbss.g_panic_abort","1070167268","1","1","esp-idf/esp_system/libesp_system.a(panic.c.obj)",".dram0.bss"
".sbss.g_startup_time","1070167272","8","8","esp-idf/esp_system/libesp_system.a(startup.c.obj)",".dram0.bss"
".sbss.g_exc_frames","1070167280","4","4","esp-idf/esp_system/libesp_system.a(panic_handler.c.obj)",".dram0.bss"
".sbss.s_ctx","1070167284","1","1","esp-idf/hal/libhal.a(mmu_hal.c.obj)",".dram0.bss"
".sbss.ctx","1070167288","4","4","esp-idf/hal/libhal.a(cache_hal.c.obj)",".dram0.bss"
".sbss.esp_log_cache_enabled","1070167292","4","4","esp-idf/log/liblog.a(util.c.obj)",".dram0.bss"
".sbss.alloc_failed_callback","1070167296","4","4","esp-idf/heap/libheap.a(heap_caps.c.obj)",".dram0.bss"
".sbss.registered_heaps","1070167300","4","4","esp-idf/heap/libheap.a(heap_caps_init.c.obj)",".dram0.bss"
".sbss.non_iram_int_disabled_flag","1070167304","1","1","esp-idf/esp_hw_support/libesp_hw_support.a(intr_alloc.c.obj)",".dram0.bss"
".sbss.non_iram_int_disabled","1070167308","4","4","esp-idf/esp_hw_support/libesp_hw_support.a(intr_alloc.c.obj)",".dram0.bss"
".sbss.non_iram_int_mask","1070167312","4","4","esp-idf/esp_hw_support/libesp_hw_support.a(intr_alloc.c.obj)",".dram0.bss"
".sbss.vector_desc_head","1070167316","4","4","esp-idf/esp_hw_support/libesp_hw_support.a(intr_alloc.c.obj)",".dram0.bss"
".sbss.s_rtc_isr_handle","1070167320","4","4","esp-idf/esp_hw_support/libesp_hw_support.a(rtc_module.c.obj)",".dram0.bss"
".sbss.s_calibrated_freq","1070167324","8","8","esp-idf/esp_hw_support/libesp_hw_support.a(esp_clk_tree_common.c.obj)",".dram0.bss"
".sbss.s_brownout_callback","1070167332","4","4","esp-idf/esp_hw_support/libesp_hw_support.a(brownout.c.obj)",".dram0.bss"
".sbss.s_bbpll_digi_consumers_ref_count","1070167336","4","4","esp-idf/esp_hw_support/libesp_hw_support.a(rtc_clk.c.obj)",".dram0.bss"
".sbss.s_cur_pll_freq","1070167340","4","4","esp-idf/esp_hw_support/libesp_hw_support.a(rtc_clk.c.obj)",".dram0.bss"
".sbss.s_sar_power_on_cnt","1070167344","4","4","esp-idf/esp_hw_support/libesp_hw_support.a(sar_periph_ctrl.c.obj)",".dram0.bss"
".sbss.s_pwdet_power_on_cnt","1070167348","4","4","esp-idf/esp_hw_support/libesp_hw_support.a(sar_periph_ctrl.c.obj)",".dram0.bss"
".sbss.adc_reset_lock","1070167352","4","4","esp-idf/esp_hw_support/libesp_hw_support.a(sar_periph_ctrl.c.obj)",".dram0.bss"
".sbss.s_i2c_saradc_enable_cnt","1070167356","4","4","esp-idf/esp_hw_support/libesp_hw_support.a(regi2c_ctrl.c.obj)",".dram0.bss"
".sbss.uxSchedulerSuspended","1070167360","4","4","esp-idf/freertos/libfreertos.a(tasks.c.obj)",".dram0.bss"
".sbss.xIdleTaskHandle","1070167364","4","4","esp-idf/freertos/libfreertos.a(tasks.c.obj)",".dram0.bss"
".sbss.xNextTaskUnblockTime","1070167368","4","4","esp-idf/freertos/libfreertos.a(tasks.c.obj)",".dram0.bss"
".sbss.uxTaskNumber","1070167372","4","4","esp-idf/freertos/libfreertos.a(tasks.c.obj)",".dram0.bss"
".sbss.xNumOfOverflows","1070167376","4","4","esp-idf/freertos/libfreertos.a(tasks.c.obj)",".dram0.bss"
".sbss.xYieldPending","1070167380","4","4","esp-idf/freertos/libfreertos.a(tasks.c.obj)",".dram0.bss"
".sbss.xPendedTicks","1070167384","4","4","esp-idf/freertos/libfreertos.a(tasks.c.obj)",".dram0.bss"
".sbss.xSchedulerRunning","1070167388","4","4","esp-idf/freertos/libfreertos.a(tasks.c.obj)",".dram0.bss"
".sbss.uxTopReadyPriority","1070167392","4","4","esp-idf/freertos/libfreertos.a(tasks.c.obj)",".dram0.bss"
".sbss.xTickCount","1070167396","4","4","esp-idf/freertos/libfreertos.a(tasks.c.obj)",".dram0.bss"
".sbss.uxCurrentNumberOfTasks","1070167400","4","4","esp-idf/freertos/libfreertos.a(tasks.c.obj)",".dram0.bss"
".sbss.uxDeletedTasksWaitingCleanUp","1070167404","4","4","esp-idf/freertos/libfreertos.a(tasks.c.obj)",".dram0.bss"
".sbss.pxOverflowDelayedTaskList","1070167408","4","4","esp-idf/freertos/libfreertos.a(tasks.c.obj)",".dram0.bss"
".sbss.pxDelayedTaskList","1070167412","4","4","esp-idf/freertos/libfreertos.a(tasks.c.obj)",".dram0.bss"
".sbss.pxCurrentTCBs","1070167416","4","4","esp-idf/freertos/libfreertos.a(tasks.c.obj)",".dram0.bss"
".sbss.xIsrStackBottom","1070167420","4","4","esp-idf/freertos/libfreertos.a(port.c.obj)",".dram0.bss"
".sbss.xIsrStackTop","1070167424","4","4","esp-idf/freertos/libfreertos.a(port.c.obj)",".dram0.bss"
".sbss.port_uxCoreStartupDone","1070167428","4","4","esp-idf/freertos/libfreertos.a(port.c.obj)",".dram0.bss"
".sbss.xPortSwitchFlag","1070167432","4","4","esp-idf/freertos/libfreertos.a(port.c.obj)",".dram0.bss"
".sbss.port_uxOldInterruptState","1070167436","4","4","esp-idf/freertos/libfreertos.a(port.c.obj)",".dram0.bss"
".sbss.port_uxCriticalNesting","1070167440","4","4","esp-idf/freertos/libfreertos.a(port.c.obj)",".dram0.bss"
".sbss.port_uxInterruptNesting","1070167444","4","4","esp-idf/freertos/libfreertos.a(port.c.obj)",".dram0.bss"
".sbss.port_xSchedulerRunning","1070167448","4","4","esp-idf/freertos/libfreertos.a(port.c.obj)",".dram0.bss"
".sbss.s_handled_systicks","1070167452","4","4","esp-idf/freertos/libfreertos.a(port_systick.c.obj)",".dram0.bss"
".sbss.s_time_lock","1070167456","4","4","esp-idf/esp_libc/libesp_libc.a(time.c.obj)",".dram0.bss"
".sbss.s_adjtime_total_correction_us","1070167464","8","8","esp-idf/esp_libc/libesp_libc.a(time.c.obj)",".dram0.bss"
".sbss.s_adjtime_start_us","1070167472","8","8","esp-idf/esp_libc/libesp_libc.a(time.c.obj)",".dram0.bss"
".sbss.s_boot_time_lock","1070167480","4","4","esp-idf/esp_libc/libesp_libc.a(esp_time_impl.c.obj)",".dram0.bss"
".sbss.s_microseconds_offset","1070167488","8","8","esp-idf/esp_libc/libesp_libc.a(esp_time_impl.c.obj)",".dram0.bss"
".sbss.s_keys","1070167496","4","4","esp-idf/pthread/libpthread.a(pthread_local_storage.c.obj)",".dram0.bss"
".sbss.s_correction_us","1070167504","8","8","esp-idf/esp_timer/libesp_timer.a(system_time.c.obj)",".dram0.bss"
".sbss.s_alarm_handler","1070167512","4","4","esp-idf/esp_timer/libesp_timer.a(esp_timer_impl_systimer.c.obj)",".dram0.bss"
".sbss.s_timer_interrupt_handle","1070167516","4","4","esp-idf/esp_timer/libesp_timer.a(esp_timer_impl_systimer.c.obj)",".dram0.bss"
".sbss._ZN14NVSHandleEntry17s_nvs_next_handleE","1070167520","4","4","esp-idf/nvs_flash/libnvs_flash.a(nvs_api.cpp.obj)",".dram0.bss"
".sbss._ZN3nvs19NVSPartitionManager8instanceE","1070167524","4","4","esp-idf/nvs_flash/libnvs_flash.a(nvs_partition_manager.cpp.obj)",".dram0.bss"
".sbss._ZN3nvs4Lock10mSemaphoreE","1070167528","4","4","esp-idf/nvs_flash/libnvs_flash.a(nvs_platform.cpp.obj)",".dram0.bss"
".sbss.s_wifi_tsens_xpd_flag","1070167532","1","1","esp-idf/esp_phy/libesp_phy.a(phy_override.c.obj)",".dram0.bss"
".sbss.s_wifi_pwdet_xpd_flag","1070167533","1","1","esp-idf/esp_phy/libesp_phy.a(phy_override.c.obj)",".dram0.bss"
".sbss.s_fd_table_lock","1070167536","4","4","esp-idf/vfs/libvfs.a(vfs.c.obj)",".dram0.bss"
".sbss.s_vfs_count","1070167540","4","4","esp-idf/vfs/libvfs.a(vfs.c.obj)",".dram0.bss"
".sbss.g_fds","1070167544","4","4","esp-idf/vfs/libvfs.a(nullfs.c.obj)",".dram0.bss"
".sbss.s_button_edge_queue","1070167548","4","4","esp-idf/main/libmain.a(app_main.c.obj)",".dram0.bss"
".sbss.s_button_status","1070167552","1","1","esp-idf/main/libmain.a(app_main.c.obj)",".dram0.bss"
".sbss.s_button_status_until_ms","1070167556","4","4","esp-idf/main/libmain.a(app_main.c.obj)",".dram0.bss"
".sbss.s_button_status_revision","1070167560","4","4","esp-idf/main/libmain.a(app_main.c.obj)",".dram0.bss"
".sbss.s_boot_logo_until_us","1070167568","8","8","esp-idf/main/libmain.a(app_main.c.obj)",".dram0.bss"
".sbss.s_measured_bitrate_ready","1070167576","1","1","esp-idf/main/libmain.a(audio_service.c.obj)",".dram0.bss"
".sbss.s_bitrate_updated_us","1070167584","8","8","esp-idf/main/libmain.a(audio_service.c.obj)",".dram0.bss"
".sbss.s_published_bitrate_bps","1070167592","4","4","esp-idf/main/libmain.a(audio_service.c.obj)",".dram0.bss"
".sbss.s_last_codec","1070167596","4","4","esp-idf/main/libmain.a(audio_service.c.obj)",".dram0.bss"
".sbss.s_decoder_released_generation","1070167600","4","4","esp-idf/main/libmain.a(audio_service.c.obj)",".dram0.bss"
".sbss.s_decoder_target_codec","1070167604","4","4","esp-idf/main/libmain.a(audio_service.c.obj)",".dram0.bss"
".sbss.s_generation","1070167608","4","4","esp-idf/main/libmain.a(audio_service.c.obj)",".dram0.bss"
".sbss.s_encoded_usable_size","1070167612","4","4","esp-idf/main/libmain.a(audio_service.c.obj)",".dram0.bss"
".sbss.s_pcm","1070167616","4","4","esp-idf/main/libmain.a(audio_service.c.obj)",".dram0.bss"
".sbss.s_encoded","1070167620","4","4","esp-idf/main/libmain.a(audio_service.c.obj)",".dram0.bss"
".sbss.s_commands","1070167624","4","4","esp-idf/main/libmain.a(audio_service.c.obj)",".dram0.bss"
".sbss.s_state","1070167628","4","4","esp-idf/main/libmain.a(audio_service.c.obj)",".dram0.bss"
".sbss.s_last_activity_ms","1070167632","4","4","esp-idf/main/libmain.a(display_settings.c.obj)",".dram0.bss"
".sbss.s_screensaver_playing_blank","1070167636","1","1","esp-idf/main/libmain.a(display_settings.c.obj)",".dram0.bss"
".sbss.s_screensaver_playing_enabled","1070167637","1","1","esp-idf/main/libmain.a(display_settings.c.obj)",".dram0.bss"
".sbss.s_screensaver_blank","1070167638","1","1","esp-idf/main/libmain.a(display_settings.c.obj)",".dram0.bss"
".sbss.s_screensaver_enabled","1070167639","1","1","esp-idf/main/libmain.a(display_settings.c.obj)",".dram0.bss"
".sbss.s_numbered_playlist","1070167640","1","1","esp-idf/main/libmain.a(display_settings.c.obj)",".dram0.bss"
".sbss.s_station_uppercase","1070167641","1","1","esp-idf/main/libmain.a(display_settings.c.obj)",".dram0.bss"
".sbss.s_brightness","1070167642","1","1","esp-idf/main/libmain.a(display_settings.c.obj)",".dram0.bss"
".sbss.s_display","1070167644","4","4","esp-idf/main/libmain.a(display_settings.c.obj)",".dram0.bss"
".sbss.s_stopping_for_sleep","1070167648","1","1","esp-idf/main/libmain.a(network_service.c.obj)",".dram0.bss"
".sbss.s_have_credentials","1070167649","1","1","esp-idf/main/libmain.a(network_service.c.obj)",".dram0.bss"
".sbss.s_retries","1070167652","4","4","esp-idf/main/libmain.a(network_service.c.obj)",".dram0.bss"
".sbss.s_softap_reboot_timer","1070167656","4","4","esp-idf/main/libmain.a(network_service.c.obj)",".dram0.bss"
".sbss.s_credential_index","1070167660","4","4","esp-idf/main/libmain.a(network_service.c.obj)",".dram0.bss"
".sbss.s_credential_count","1070167664","4","4","esp-idf/main/libmain.a(network_service.c.obj)",".dram0.bss"
".sbss.s_state","1070167668","4","4","esp-idf/main/libmain.a(network_service.c.obj)",".dram0.bss"
".sbss.s_ap_netif","1070167672","4","4","esp-idf/main/libmain.a(network_service.c.obj)",".dram0.bss"
".sbss.s_station_netif","1070167676","4","4","esp-idf/main/libmain.a(network_service.c.obj)",".dram0.bss"
".sbss.s_wifi_events","1070167680","4","4","esp-idf/main/libmain.a(network_service.c.obj)",".dram0.bss"
".sbss.s_playlist_count","1070167684","2","2","esp-idf/main/libmain.a(radio_control.c.obj)",".dram0.bss"
".sbss.s_state","1070167688","4","4","esp-idf/main/libmain.a(radio_control.c.obj)",".dram0.bss"
".sbss.s_lock","1070167692","4","4","esp-idf/main/libmain.a(radio_control.c.obj)",".dram0.bss"
".sbss.s_string_lock","1070167696","4","4","esp-idf/main/libmain.a(runtime_settings.c.obj)",".dram0.bss"
".sbss.s_timezone_minute","1070167700","1","1","esp-idf/main/libmain.a(runtime_settings.c.obj)",".dram0.bss"
".sbss.s_timezone_hour","1070167701","1","1","esp-idf/main/libmain.a(runtime_settings.c.obj)",".dram0.bss"
".sbss.s_softap_delay_min","1070167702","1","1","esp-idf/main/libmain.a(runtime_settings.c.obj)",".dram0.bss"
".sbss.s_audio_info","1070167703","1","1","esp-idf/main/libmain.a(runtime_settings.c.obj)",".dram0.bss"
".sbss.s_time_sync_task","1070167704","4","4","esp-idf/main/libmain.a(time_service.c.obj)",".dram0.bss"
".sbss.s_static_worker_tasks","1070167708","8","8","esp-idf/main/libmain.a(web_service.c.obj)",".dram0.bss"
".sbss.s_static_request_queue","1070167716","4","4","esp-idf/main/libmain.a(web_service.c.obj)",".dram0.bss"
".sbss.s_state","1070167720","4","4","esp-idf/main/libmain.a(web_service.c.obj)",".dram0.bss"
".sbss.s_reboot_pending","1070167724","1","1","esp-idf/main/libmain.a(web_ota.c.obj)",".dram0.bss"
".sbss.s_current_send_pending","1070167728","4","4","esp-idf/main/libmain.a(websocket_service.c.obj)",".dram0.bss"
".sbss.s_status_send_pending","1070167732","4","4","esp-idf/main/libmain.a(websocket_service.c.obj)",".dram0.bss"
".sbss.s_playlist_changed_pending","1070167736","1","1","esp-idf/main/libmain.a(websocket_service.c.obj)",".dram0.bss"
".sbss.s_state","1070167740","4","4","esp-idf/main/libmain.a(websocket_service.c.obj)",".dram0.bss"
".sbss.s_server","1070167744","4","4","esp-idf/main/libmain.a(websocket_service.c.obj)",".dram0.bss"
".sbss.s_normalizer_reset_pending","1070167748","1","1","esp-idf/main/libmain.a(native_audio_output.c.obj)",".dram0.bss"
".sbss.s_stats_packets","1070167752","4","4","esp-idf/main/libmain.a(native_audio_output.c.obj)",".dram0.bss"
".sbss.s_stats_normalize_us","1070167760","8","8","esp-idf/main/libmain.a(native_audio_output.c.obj)",".dram0.bss"
".sbss.s_stats_audio_us","1070167768","8","8","esp-idf/main/libmain.a(native_audio_output.c.obj)",".dram0.bss"
".sbss.s_stats_started_us","1070167776","8","8","esp-idf/main/libmain.a(native_audio_output.c.obj)",".dram0.bss"
".sbss.s_resampler_next_phase","1070167784","4","4","esp-idf/main/libmain.a(native_audio_output.c.obj)",".dram0.bss"
".sbss.s_previous_right","1070167788","2","2","esp-idf/main/libmain.a(native_audio_output.c.obj)",".dram0.bss"
".sbss.s_previous_left","1070167790","2","2","esp-idf/main/libmain.a(native_audio_output.c.obj)",".dram0.bss"
".sbss.s_resampler_has_previous","1070167792","1","1","esp-idf/main/libmain.a(native_audio_output.c.obj)",".dram0.bss"
".sbss.s_buffered_frames","1070167796","4","4","esp-idf/main/libmain.a(native_audio_output.c.obj)",".dram0.bss"
".sbss.s_input_sample_rate","1070167800","4","4","esp-idf/main/libmain.a(native_audio_output.c.obj)",".dram0.bss"
".sbss.s_pdm_running","1070167804","1","1","esp-idf/main/libmain.a(native_audio_output.c.obj)",".dram0.bss"
".sbss.s_pdm","1070167808","4","4","esp-idf/main/libmain.a(native_audio_output.c.obj)",".dram0.bss"
".sbss.s_platform","1070167812","4","4","esp-idf/esp_driver_i2c/libesp_driver_i2c.a(i2c_master.c.obj)",".dram0.bss"
".sbss.s_ready","1070167816","1","1","esp-idf/audio_level_led/libaudio_level_led.a(audio_level_led.c.obj)",".dram0.bss"
".sbss.s_envelope","1070167817","1","1","esp-idf/audio_level_led/libaudio_level_led.a(audio_level_led.c.obj)",".dram0.bss"
".sbss.s_last_update_ms","1070167820","4","4","esp-idf/audio_level_led/libaudio_level_led.a(audio_level_led.c.obj)",".dram0.bss"
".sbss.s_ledc_slow_clk_rc_fast_freq","1070167824","4","4","esp-idf/esp_driver_ledc/libesp_driver_ledc.a(ledc.c.obj)",".dram0.bss"
".sbss.s_ledc_mutex","1070167828","4","4","esp-idf/esp_driver_ledc/libesp_driver_ledc.a(ledc.c.obj)",".dram0.bss"
".sbss.p_ledc_obj","1070167832","4","4","esp-idf/esp_driver_ledc/libesp_driver_ledc.a(ledc.c.obj)",".dram0.bss"
".sbss.s_volume_timer","1070167836","4","4","esp-idf/native_audio_settings/libnative_audio_settings.a(native_audio_settings.c.obj)",".dram0.bss"
".sbss.s_volume_dirty","1070167840","1","1","esp-idf/native_audio_settings/libnative_audio_settings.a(native_audio_settings.c.obj)",".dram0.bss"
".sbss.s_normalization","1070167841","1","1","esp-idf/native_audio_settings/libnative_audio_settings.a(native_audio_settings.c.obj)",".dram0.bss"
".sbss.s_balance","1070167842","1","1","esp-idf/native_audio_settings/libnative_audio_settings.a(native_audio_settings.c.obj)",".dram0.bss"
".sbss.m_f_OggS_found","1070167843","1","1","esp-idf/custom_flac/libcustom_flac.a(flac_decoder.cpp.obj)",".dram0.bss"
".sbss.m_bitBufferLen","1070167844","1","1","esp-idf/custom_flac/libcustom_flac.a(flac_decoder.cpp.obj)",".dram0.bss"
".sbss.m_bitBuffer","1070167848","8","8","esp-idf/custom_flac/libcustom_flac.a(flac_decoder.cpp.obj)",".dram0.bss"
".sbss.m_rIndex","1070167856","2","2","esp-idf/custom_flac/libcustom_flac.a(flac_decoder.cpp.obj)",".dram0.bss"
".sbss.m_bytesDecoded","1070167860","4","4","esp-idf/custom_flac/libcustom_flac.a(flac_decoder.cpp.obj)",".dram0.bss"
".sbss.m_bytesAvail","1070167864","4","4","esp-idf/custom_flac/libcustom_flac.a(flac_decoder.cpp.obj)",".dram0.bss"
".sbss.m_inptr","1070167868","4","4","esp-idf/custom_flac/libcustom_flac.a(flac_decoder.cpp.obj)",".dram0.bss"
".sbss.m_status","1070167872","1","1","esp-idf/custom_flac/libcustom_flac.a(flac_decoder.cpp.obj)",".dram0.bss"
".sbss.m_validSamples","1070167874","2","2","esp-idf/custom_flac/libcustom_flac.a(flac_decoder.cpp.obj)",".dram0.bss"
".sbss.m_blockSizeLeft","1070167876","2","2","esp-idf/custom_flac/libcustom_flac.a(flac_decoder.cpp.obj)",".dram0.bss"
".sbss.m_blockSize","1070167878","2","2","esp-idf/custom_flac/libcustom_flac.a(flac_decoder.cpp.obj)",".dram0.bss"
".sbss._ZN12_GLOBAL__N_1L12outputOffsetE","1070167880","2","2","esp-idf/custom_flac/libcustom_flac.a(flac_decoder.cpp.obj)",".dram0.bss"
".sbss._ZN12_GLOBAL__N_1L17allocatedChannelsE","1070167882","1","1","esp-idf/custom_flac/libcustom_flac.a(flac_decoder.cpp.obj)",".dram0.bss"
".sbss._ZN12_GLOBAL__N_1L18allocatedBlockSizeE","1070167884","2","2","esp-idf/custom_flac/libcustom_flac.a(flac_decoder.cpp.obj)",".dram0.bss"
".sbss._ZN12_GLOBAL__N_1L16coefficientCountE","1070167886","1","1","esp-idf/custom_flac/libcustom_flac.a(flac_decoder.cpp.obj)",".dram0.bss"
".sbss.aud_es_list","1070167888","4","4","<DEPENDENCIES>/esp-adf-libs/esp_audio_codec/lib/esp32c3/libesp_audio_simple_dec.a(audio_simple_dec_reg.c.obj)",".dram0.bss"
".sbss.parser_list","1070167892","4","4","<DEPENDENCIES>/esp-adf-libs/esp_audio_codec/lib/esp32c3/libesp_audio_simple_dec.a(es_parse_reg.c.obj)",".dram0.bss"
".sbss.audio_dec_libs","1070167896","4","4","<DEPENDENCIES>/esp-adf-libs/esp_audio_codec/lib/esp32c3/libesp_audio_codec.a(esp_audio_codec_reg.c.obj)",".dram0.bss"
".sbss.curr_partition.2","1070167900","4","4","esp-idf/app_update/libapp_update.a(esp_ota_ops.c.obj)",".dram0.bss"
".sbss.s_ota_ops_last_handle","1070167904","4","4","esp-idf/app_update/libapp_update.a(esp_ota_ops.c.obj)",".dram0.bss"
".sbss.s_ota_ops_entries_head","1070167908","4","4","esp-idf/app_update/libapp_update.a(esp_ota_ops.c.obj)",".dram0.bss"
".sbss.s_partition_list_lock","1070167912","4","4","esp-idf/esp_partition/libesp_partition.a(partition.c.obj)",".dram0.bss"
".sbss.s_partition_list","1070167916","4","4","esp-idf/esp_partition/libesp_partition.a(partition.c.obj)",".dram0.bss"
".sbss.s_crypto_sha_aes_lock","1070167920","4","4","esp-idf/esp_security/libesp_security.a(esp_crypto_lock.c.obj)",".dram0.bss"
".sbss.s_crypto_mpi_lock","1070167924","4","4","esp-idf/esp_security/libesp_security.a(esp_crypto_lock.c.obj)",".dram0.bss"
".sbss.s_crypto_hmac_lock","1070167928","4","4","esp-idf/esp_security/libesp_security.a(esp_crypto_lock.c.obj)",".dram0.bss"
".sbss.s_crypto_ds_lock","1070167932","4","4","esp-idf/esp_security/libesp_security.a(esp_crypto_lock.c.obj)",".dram0.bss"
".sbss.s_crt_bundle","1070167936","4","4","esp-idf/mbedtls/libmbedtls.a(esp_crt_bundle.c.obj)",".dram0.bss"
".sbss.map","1070167940","4","4","esp-idf/bootloader_support/libbootloader_support.a(bootloader_flash.c.obj)",".dram0.bss"
".sbss.s_bootloader_partition_offset","1070167944","4","4","esp-idf/bootloader_support/libbootloader_support.a(esp_image_format.c.obj)",".dram0.bss"
".sbss.reason","1070167948","4","4","esp-idf/esp_system/libesp_system.a(crosscore_int.c.obj)",".dram0.bss"
".sbss.iwdt_context","1070167952","8","8","esp-idf/esp_system/libesp_system.a(int_wdt.c.obj)",".dram0.bss"
".sbss.p_twdt_obj","1070167960","4","4","esp-idf/esp_system/libesp_system.a(task_wdt.c.obj)",".dram0.bss"
".sbss.g_twdt_isr","1070167964","1","1","esp-idf/esp_system/libesp_system.a(task_wdt.c.obj)",".dram0.bss"
".sbss.base.0","1070167968","4","4","esp-idf/log/liblog.a(log_timestamp.c.obj)",".dram0.bss"
".sbss.last_ccount.1","1070167972","4","4","esp-idf/esp_hw_support/libesp_hw_support.a(hw_random.c.obj)",".dram0.bss"
".sbss.timer1","1070167976","8","8","esp-idf/esp_hw_support/libesp_hw_support.a(sar_tsens_ctrl.c.obj)",".dram0.bss"
".sbss.s_first_temp_read","1070167984","1","1","esp-idf/esp_hw_support/libesp_hw_support.a(sar_tsens_ctrl.c.obj)",".dram0.bss"
".sbss.s_temperature_sensor_power_cnt","1070167988","4","4","esp-idf/esp_hw_support/libesp_hw_support.a(sar_tsens_ctrl.c.obj)",".dram0.bss"
".sbss.s_adc_digi_ctrlr_cnt","1070167992","4","4","esp-idf/esp_hw_support/libesp_hw_support.a(adc_share_hw_ctrl.c.obj)",".dram0.bss"
".sbss.s_timer_task","1070167996","4","4","esp-idf/esp_timer/libesp_timer.a(esp_timer.c.obj)",".dram0.bss"
".sbss.s_timers","1070168000","4","4","esp-idf/esp_timer/libesp_timer.a(esp_timer.c.obj)",".dram0.bss"
".sbss.s_default_loop","1070168004","4","4","esp-idf/esp_event/libesp_event.a(default_event_loop.c.obj)",".dram0.bss"
".sbss.time_sync_notification_cb","1070168008","4","4","esp-idf/lwip/liblwip.a(sntp.c.obj)",".dram0.bss"
".sbss.sntp_sync_status","1070168012","4","4","esp-idf/lwip/liblwip.a(sntp.c.obj)",".dram0.bss"
".sbss.sntp_sync_mode","1070168016","4","4","esp-idf/lwip/liblwip.a(sntp.c.obj)",".dram0.bss"
".sbss.select_cb_list","1070168020","4","4","esp-idf/lwip/liblwip.a(sockets.c.obj)",".dram0.bss"
".sbss.select_cb_ctr","1070168024","4","4","esp-idf/lwip/liblwip.a(sockets.c.obj)",".dram0.bss"
".sbss.tcpip_mbox","1070168028","4","4","esp-idf/lwip/liblwip.a(tcpip.c.obj)",".dram0.bss"
".sbss.tcpip_init_done_arg","1070168032","4","4","esp-idf/lwip/liblwip.a(tcpip.c.obj)",".dram0.bss"
".sbss.tcpip_init_done","1070168036","4","4","esp-idf/lwip/liblwip.a(tcpip.c.obj)",".dram0.bss"
".sbss.sntp_retry_timeout","1070168040","4","4","esp-idf/lwip/liblwip.a(sntp.c.obj)",".dram0.bss"
".sbss.sntp_current_server","1070168044","1","1","esp-idf/lwip/liblwip.a(sntp.c.obj)",".dram0.bss"
".sbss.sntp_pcb","1070168048","4","4","esp-idf/lwip/liblwip.a(sntp.c.obj)",".dram0.bss"
".sbss.sntp_opmode","1070168052","1","1","esp-idf/lwip/liblwip.a(sntp.c.obj)",".dram0.bss"
".sbss.dns_seqno","1070168053","1","1","esp-idf/lwip/liblwip.a(dns.c.obj)",".dram0.bss"
".sbss.dns_last_pcb_idx","1070168054","1","1","esp-idf/lwip/liblwip.a(dns.c.obj)",".dram0.bss"
".sbss.s_is_tmr_start","1070168055","1","1","esp-idf/lwip/liblwip.a(dns.c.obj)",".dram0.bss"
".sbss.num_tcp_pcb","1070168056","4","4","esp-idf/lwip/liblwip.a(memp.c.obj)",".dram0.bss"
".sbss.netif_num","1070168060","1","1","esp-idf/lwip/liblwip.a(netif.c.obj)",".dram0.bss"
".sbss.netif_default","1070168064","4","4","esp-idf/lwip/liblwip.a(netif.c.obj)",".dram0.bss"
".sbss.netif_list","1070168068","4","4","esp-idf/lwip/liblwip.a(netif.c.obj)",".dram0.bss"
".sbss.ext_callback","1070168072","4","4","esp-idf/lwip/liblwip.a(netif.c.obj)",".dram0.bss"
".sbss.pbuf_free_ooseq_pending","1070168076","1","1","esp-idf/lwip/liblwip.a(pbuf.c.obj)",".dram0.bss"
".sbss.raw_pcbs","1070168080","4","4","esp-idf/lwip/liblwip.a(raw.c.obj)",".dram0.bss"
".sbss.tcp_timer_ctr","1070168084","1","1","esp-idf/lwip/liblwip.a(tcp.c.obj)",".dram0.bss"
".sbss.tcp_timer","1070168085","1","1","esp-idf/lwip/liblwip.a(tcp.c.obj)",".dram0.bss"
".sbss.tcp_active_pcbs_changed","1070168086","1","1","esp-idf/lwip/liblwip.a(tcp.c.obj)",".dram0.bss"
".sbss.tcp_tw_pcbs","1070168088","4","4","esp-idf/lwip/liblwip.a(tcp.c.obj)",".dram0.bss"
".sbss.tcp_active_pcbs","1070168092","4","4","esp-idf/lwip/liblwip.a(tcp.c.obj)",".dram0.bss"
".sbss.tcp_listen_pcbs","1070168096","4","4","esp-idf/lwip/liblwip.a(tcp.c.obj)",".dram0.bss"
".sbss.tcp_bound_pcbs","1070168100","4","4","esp-idf/lwip/liblwip.a(tcp.c.obj)",".dram0.bss"
".sbss.tcp_ticks","1070168104","4","4","esp-idf/lwip/liblwip.a(tcp.c.obj)",".dram0.bss"
".sbss.tcp_input_pcb","1070168108","4","4","esp-idf/lwip/liblwip.a(tcp_in.c.obj)",".dram0.bss"
".sbss.recv_data","1070168112","4","4","esp-idf/lwip/liblwip.a(tcp_in.c.obj)",".dram0.bss"
".sbss.recv_flags","1070168116","1","1","esp-idf/lwip/liblwip.a(tcp_in.c.obj)",".dram0.bss"
".sbss.flags","1070168117","1","1","esp-idf/lwip/liblwip.a(tcp_in.c.obj)",".dram0.bss"
".sbss.tcplen","1070168118","2","2","esp-idf/lwip/liblwip.a(tcp_in.c.obj)",".dram0.bss"
".sbss.recv_acked","1070168120","2","2","esp-idf/lwip/liblwip.a(tcp_in.c.obj)",".dram0.bss"
".sbss.ackno","1070168124","4","4","esp-idf/lwip/liblwip.a(tcp_in.c.obj)",".dram0.bss"
".sbss.seqno","1070168128","4","4","esp-idf/lwip/liblwip.a(tcp_in.c.obj)",".dram0.bss"
".sbss.tcp_optidx","1070168132","2","2","esp-idf/lwip/liblwip.a(tcp_in.c.obj)",".dram0.bss"
".sbss.tcphdr_opt2","1070168136","4","4","esp-idf/lwip/liblwip.a(tcp_in.c.obj)",".dram0.bss"
".sbss.tcphdr_opt1len","1070168140","2","2","esp-idf/lwip/liblwip.a(tcp_in.c.obj)",".dram0.bss"
".sbss.tcphdr_optlen","1070168142","2","2","esp-idf/lwip/liblwip.a(tcp_in.c.obj)",".dram0.bss"
".sbss.tcphdr","1070168144","4","4","esp-idf/lwip/liblwip.a(tcp_in.c.obj)",".dram0.bss"
".sbss.tcpip_tcp_timer_active","1070168148","4","4","esp-idf/lwip/liblwip.a(timeouts.c.obj)",".dram0.bss"
".sbss.current_timeout_due_time","1070168152","4","4","esp-idf/lwip/liblwip.a(timeouts.c.obj)",".dram0.bss"
".sbss.next_timeout","1070168156","4","4","esp-idf/lwip/liblwip.a(timeouts.c.obj)",".dram0.bss"
".sbss.udp_pcbs","1070168160","4","4","esp-idf/lwip/liblwip.a(udp.c.obj)",".dram0.bss"
".sbss.xid.12","1070168164","4","4","esp-idf/lwip/liblwip.a(dhcp.c.obj)",".dram0.bss"
".sbss.dhcp_pcb_refcount","1070168168","1","1","esp-idf/lwip/liblwip.a(dhcp.c.obj)",".dram0.bss"
".sbss.dhcp_pcb","1070168172","4","4","esp-idf/lwip/liblwip.a(dhcp.c.obj)",".dram0.bss"
".sbss.etharp_cached_entry","1070168176","1","1","esp-idf/lwip/liblwip.a(etharp.c.obj)",".dram0.bss"
".sbss.is_tmr_start","1070168177","1","1","esp-idf/lwip/liblwip.a(igmp.c.obj)",".dram0.bss"
".sbss.allrouters","1070168180","4","4","esp-idf/lwip/liblwip.a(igmp.c.obj)",".dram0.bss"
".sbss.allsystems","1070168184","4","4","esp-idf/lwip/liblwip.a(igmp.c.obj)",".dram0.bss"
".sbss.ip4_default_multicast_netif","1070168188","4","4","esp-idf/lwip/liblwip.a(ip4.c.obj)",".dram0.bss"
".sbss.ip_id","1070168192","2","2","esp-idf/lwip/liblwip.a(ip4.c.obj)",".dram0.bss"
".sbss.base_time","1070168196","4","4","esp-idf/lwip/liblwip.a(tcp_isn_default.c.obj)",".dram0.bss"
".sbss.lwip_task.1","1070168200","4","4","esp-idf/lwip/liblwip.a(sys_arch.c.obj)",".dram0.bss"
".sbss.sys_thread_sem_key","1070168204","4","4","esp-idf/lwip/liblwip.a(sys_arch.c.obj)",".dram0.bss"
".sbss.g_lwip_protect_mutex","1070168208","4","4","esp-idf/lwip/liblwip.a(sys_arch.c.obj)",".dram0.bss"
".sbss.s_esp_netif_counter","1070168212","4","4","esp-idf/esp_netif/libesp_netif.a(esp_netif_objects.c.obj)",".dram0.bss"
".sbss.s_head","1070168216","4","4","esp-idf/esp_netif/libesp_netif.a(esp_netif_objects.c.obj)",".dram0.bss"
".sbss.netif_callback","1070168220","8","8","esp-idf/esp_netif/libesp_netif.a(esp_netif_lwip.c.obj)",".dram0.bss"
".sbss.s_is_last_default_esp_netif_overridden","1070168228","1","1","esp-idf/esp_netif/libesp_netif.a(esp_netif_lwip.c.obj)",".dram0.bss"
".sbss.s_last_default_esp_netif","1070168232","4","4","esp-idf/esp_netif/libesp_netif.a(esp_netif_lwip.c.obj)",".dram0.bss"
".sbss.s_wifi_inited","1070168236","1","1","esp-idf/esp_wifi/libesp_wifi.a(wifi_init.c.obj)",".dram0.bss"
".sbss.wifi_default_handlers_set","1070168237","1","1","esp-idf/esp_wifi/libesp_wifi.a(wifi_default.c.obj)",".dram0.bss"
".sbss.s_wifi_thread_sem_key.0","1070168240","4","4","esp-idf/esp_wifi/libesp_wifi.a(esp_adapter.c.obj)",".dram0.bss"
".sbss.s_wifi_thread_sem_key_init.1","1070168244","1","1","esp-idf/esp_wifi/libesp_wifi.a(esp_adapter.c.obj)",".dram0.bss"
".sbss.supported_init","1070168248","4","4","esp-idf/mbedtls/mbedtls/library/libmbedtls.a(ssl_ciphersuites.c.obj)",".dram0.bss"
".sbss.s_timeout_ms","1070168252","4","4","esp-idf/mbedtls/mbedtls/tf-psa-crypto/core/libtfpsacrypto.a(psa_crypto_driver_esp_rsa_ds.c.obj)",".dram0.bss"
".sbss.s_ds_lock","1070168256","4","4","esp-idf/mbedtls/mbedtls/tf-psa-crypto/core/libtfpsacrypto.a(psa_crypto_driver_esp_rsa_ds.c.obj)",".dram0.bss"
".sbss.op_complete_sem","1070168260","4","4","esp-idf/mbedtls/mbedtls/tf-psa-crypto/core/libtfpsacrypto.a(esp_bignum.c.obj)",".dram0.bss"
".sbss.init_done.1","1070168264","4","4","esp-idf/mbedtls/mbedtls/tf-psa-crypto/core/libtfpsacrypto.a(ecp.c.obj)",".dram0.bss"
".sbss.mul_count","1070168268","4","4","esp-idf/mbedtls/mbedtls/tf-psa-crypto/core/libtfpsacrypto.a(ecp.c.obj)",".dram0.bss"
".sbss.dbl_count","1070168272","4","4","esp-idf/mbedtls/mbedtls/tf-psa-crypto/core/libtfpsacrypto.a(ecp.c.obj)",".dram0.bss"
".sbss.add_count","1070168276","4","4","esp-idf/mbedtls/mbedtls/tf-psa-crypto/core/libtfpsacrypto.a(ecp.c.obj)",".dram0.bss"
".sbss.op_complete_sem","1070168280","4","4","esp-idf/mbedtls/mbedtls/tf-psa-crypto/core/libtfpsacrypto.a(esp_aes_dma_core.c.obj)",".dram0.bss"
".sbss.s_tx_channel","1070168284","4","4","esp-idf/mbedtls/mbedtls/tf-psa-crypto/core/libtfpsacrypto.a(esp_crypto_shared_gdma.c.obj)",".dram0.bss"
".sbss.s_rx_channel","1070168288","4","4","esp-idf/mbedtls/mbedtls/tf-psa-crypto/core/libtfpsacrypto.a(esp_crypto_shared_gdma.c.obj)",".dram0.bss"
".sbss.s_log_tags","1070168292","4","4","esp-idf/log/liblog.a(log_linked_list.c.obj)",".dram0.bss"
".sbss.s_log_cache_misses","1070168296","4","4","esp-idf/log/liblog.a(log_binary_heap.c.obj)",".dram0.bss"
".sbss.s_log_cache_entry_count","1070168300","4","4","esp-idf/log/liblog.a(log_binary_heap.c.obj)",".dram0.bss"
".sbss.s_log_cache_max_generation","1070168304","4","4","esp-idf/log/liblog.a(log_binary_heap.c.obj)",".dram0.bss"
".sbss.s_log_mutex","1070168308","4","4","esp-idf/log/liblog.a(log_lock.c.obj)",".dram0.bss"
".sbss.esp_log_default_level","1070168312","4","4","esp-idf/log/liblog.a(log_level.c.obj)",".dram0.bss"
".sbss.s_phy_modem_init_ref","1070168316","1","1","esp-idf/esp_phy/libesp_phy.a(phy_init.c.obj)",".dram0.bss"
".sbss.s_phy_digital_regs_mem","1070168320","4","4","esp-idf/esp_phy/libesp_phy.a(phy_init.c.obj)",".dram0.bss"
".sbss.s_is_phy_reg_stored","1070168324","1","1","esp-idf/esp_phy/libesp_phy.a(phy_init.c.obj)",".dram0.bss"
".sbss.s_is_phy_calibrated","1070168325","1","1","esp-idf/esp_phy/libesp_phy.a(phy_init.c.obj)",".dram0.bss"
".sbss.s_phy_access_lock","1070168328","4","4","esp-idf/esp_phy/libesp_phy.a(phy_init.c.obj)",".dram0.bss"
".sbss.s_wifi_prev_timestamp","1070168336","8","8","esp-idf/esp_phy/libesp_phy.a(phy_common.c.obj)",".dram0.bss"
".sbss.phy_track_pll_timer","1070168344","4","4","esp-idf/esp_phy/libesp_phy.a(phy_common.c.obj)",".dram0.bss"
".sbss.s_phy_modem_flag","1070168348","2","2","esp-idf/esp_phy/libesp_phy.a(phy_common.c.obj)",".dram0.bss"
".sbss.g_wpa_config_changed","1070168350","1","1","esp-idf/wpa_supplicant/libwpa_supplicant.a(esp_wpa_main.c.obj)",".dram0.bss"
".sbss.wpa_cb","1070168352","4","4","esp-idf/wpa_supplicant/libwpa_supplicant.a(esp_wpa_main.c.obj)",".dram0.bss"
".sbss.wifi_funcs","1070168356","4","4","esp-idf/wpa_supplicant/libwpa_supplicant.a(esp_wpa_main.c.obj)",".dram0.bss"
".sbss.g_wpa_pmk_caching_disabled","1070168360","1","1","esp-idf/wpa_supplicant/libwpa_supplicant.a(esp_wpa_main.c.obj)",".dram0.bss"
".sbss.s_wps_sm_cb","1070168364","4","4","esp-idf/wpa_supplicant/libwpa_supplicant.a(esp_wps.c.obj)",".dram0.bss"
".sbss.global_hapd","1070168368","4","4","esp-idf/wpa_supplicant/libwpa_supplicant.a(esp_hostap.c.obj)",".dram0.bss"
".sbss.eloop_lifecycle_busy","1070168372","1","1","esp-idf/wpa_supplicant/libwpa_supplicant.a(eloop.c.obj)",".dram0.bss"
".sbss.eloop_data_lock","1070168376","4","4","esp-idf/wpa_supplicant/libwpa_supplicant.a(eloop.c.obj)",".dram0.bss"
".sbss.s_sm_valid_bitmap","1070168380","4","4","esp-idf/wpa_supplicant/libwpa_supplicant.a(wpa_auth.c.obj)",".dram0.bss"
".sbss.global_cacert","1070168384","4","4","esp-idf/esp-tls/libesp-tls.a(esp_tls_mbedtls.c.obj)",".dram0.bss"
".sbss._ZN12_GLOBAL__N_1L13__new_handlerE","1070168388","4","4","<DEPENDENCIES>/tools-v6.0.2/tools/riscv32-esp-elf/esp-15.2.0_20251204/riscv32-esp-elf/bin/../riscv32-esp-elf/../picolibc/riscv32-esp-elf/lib/rv32imc_zicsr_zifencei/ilp32/no-rtti/libstdc++.a(new_handler.o)",".dram0.bss"
".sbss._ZN12_GLOBAL__N_1L2mxE","1070168392","4","4","<DEPENDENCIES>/tools-v6.0.2/tools/riscv32-esp-elf/esp-15.2.0_20251204/riscv32-esp-elf/bin/../riscv32-esp-elf/../picolibc/riscv32-esp-elf/lib/rv32imc_zicsr_zifencei/ilp32/no-rtti/libstdc++.a(new_handler.o)",".dram0.bss"
".sbss._ZL4init","1070168396","4","4","<DEPENDENCIES>/tools-v6.0.2/tools/riscv32-esp-elf/esp-15.2.0_20251204/riscv32-esp-elf/bin/../riscv32-esp-elf/../picolibc/riscv32-esp-elf/lib/rv32imc_zicsr_zifencei/ilp32/no-rtti/libstdc++.a(eh_globals.o)",".dram0.bss"
".sbss._ZN17__eh_globals_init7_S_initE","1070168400","1","1","<DEPENDENCIES>/tools-v6.0.2/tools/riscv32-esp-elf/esp-15.2.0_20251204/riscv32-esp-elf/bin/../riscv32-esp-elf/../picolibc/riscv32-esp-elf/lib/rv32imc_zicsr_zifencei/ilp32/no-rtti/libstdc++.a(eh_globals.o)",".dram0.bss"
".sbss._ZN12_GLOBAL__N_1L10eh_globalsE","1070168404","8","8","<DEPENDENCIES>/tools-v6.0.2/tools/riscv32-esp-elf/esp-15.2.0_20251204/riscv32-esp-elf/bin/../riscv32-esp-elf/../picolibc/riscv32-esp-elf/lib/rv32imc_zicsr_zifencei/ilp32/no-rtti/libstdc++.a(eh_globals.o)",".dram0.bss"
".sbss._ZN12_GLOBAL__N_1L2mxE","1070168412","4","4","<DEPENDENCIES>/tools-v6.0.2/tools/riscv32-esp-elf/esp-15.2.0_20251204/riscv32-esp-elf/bin/../riscv32-esp-elf/../picolibc/riscv32-esp-elf/lib/rv32imc_zicsr_zifencei/ilp32/no-rtti/libstdc++.a(eh_terminate.o)",".dram0.bss"
".sbss","1070168416","4","4","<DEPENDENCIES>/tools-v6.0.2/tools/riscv32-esp-elf/esp-15.2.0_20251204/riscv32-esp-elf/bin/../riscv32-esp-elf/../picolibc/riscv32-esp-elf/lib/rv32imc_zicsr_zifencei/ilp32/no-rtti/libc.a(libc_stdlib_setenv.c.o)",".dram0.bss"
".sbss","1070168420","8","8","<DEPENDENCIES>/tools-v6.0.2/tools/riscv32-esp-elf/esp-15.2.0_20251204/riscv32-esp-elf/bin/../riscv32-esp-elf/../picolibc/riscv32-esp-elf/lib/rv32imc_zicsr_zifencei/ilp32/no-rtti/libc.a(libc_time_tzvars.c.o)",".dram0.bss"
